"Date","Average USD"
"2017-06-22",NaN
"2017-06-23",53.7
"2017-06-24",56.53
"2017-06-25",52.43
"2017-06-26",47.81
"2017-06-27",52.96
"2017-06-28",56.9
"2017-06-29",57.05
"2017-06-30",59.98
"2017-07-01",73.79
"2017-07-02",76.76
"2017-07-03",89.3
"2017-07-04",115
"2017-07-05",114.32
"2017-07-06",126.36
"2017-07-07",132.35
"2017-07-08",130.63
"2017-07-09",129.28
"2017-07-10",135.16
"2017-07-11",134.96
"2017-07-12",133.97
"2017-07-13",136.05
"2017-07-14",135.15
"2017-07-15",134.92
"2017-07-16",134.77
"2017-07-17",136.13
"2017-07-18",134.2
"2017-07-19",133.06
"2017-07-20",132.39
"2017-07-21",131.43
"2017-07-22",130.47
"2017-07-23",129.94
"2017-07-24",128.78
"2017-07-25",129.82
"2017-07-26",129.35
"2017-07-27",129.15
"2017-07-28",128.78
"2017-07-29",128.74
"2017-07-30",127.97
"2017-07-31",127.92
"2017-08-01",127.72
"2017-08-02",128.25
"2017-08-03",130.7
"2017-08-04",130.7
"2017-08-05",132.31
"2017-08-06",132.31
"2017-08-07",132.23
"2017-08-08",132.66
"2017-08-09",132.5
"2017-08-10",132.39
"2017-08-11",131.89
"2017-08-12",130.42
"2017-08-13",130.29
"2017-08-14",130.42
"2017-08-15",130.11
"2017-08-16",130.05
"2017-08-17",129.92
"2017-08-18",129.87
"2017-08-19",129.86
"2017-08-20",129.89
"2017-08-21",129.6
"2017-08-22",129.55
"2017-08-23",129.43
"2017-08-24",129.43
"2017-08-25",129.28
"2017-08-26",129.24
"2017-08-27",129.24
"2017-08-28",129.22
"2017-08-29",129.18
"2017-08-30",129.08
"2017-08-31",129.05
"2017-09-01",128.89
"2017-09-02",128.53
"2017-09-03",128.53
"2017-09-04",128.45
"2017-09-05",128.45
"2017-09-06",128.45
"2017-09-07",128.45
"2017-09-08",128.39
"2017-09-09",128.39
"2017-09-10",128.18
"2017-09-11",128.05
"2017-09-12",127.85
"2017-09-13",127.85
"2017-09-14",127.85
"2017-09-15",127.85
"2017-09-16",127.79
"2017-09-17",127.65
"2017-09-18",127.58
"2017-09-19",127.43
"2017-09-20",127.42
"2017-09-21",127.08
"2017-09-22",127.02
"2017-09-23",126.73
"2017-09-24",126.65
"2017-09-25",126.65
"2017-09-26",126.65
"2017-09-27",126.56
"2017-09-28",126.46
"2017-09-29",125.84
"2017-09-30",124.65
"2017-10-01",125
"2017-10-02",125
"2017-10-03",125
"2017-10-04",124.93
"2017-10-05",124.93
"2017-10-06",124.93
"2017-10-07",124.93
"2017-10-08",124.9
"2017-10-09",124.79
"2017-10-10",124.79
"2017-10-11",124.73
"2017-10-12",124.64
"2017-10-13",124.49
"2017-10-14",124.23
"2017-10-15",124.02
"2017-10-16",123.95
"2017-10-17",123.95
"2017-10-18",123.95
"2017-10-19",123.85
"2017-10-20",123.82
"2017-10-21",123.77
"2017-10-22",123.77
"2017-10-23",123.77
"2017-10-24",123.77
"2017-10-25",123.69
"2017-10-26",123.07
"2017-10-27",122.48
"2017-10-28",121.91
"2017-10-29",121.81
"2017-10-30",121.65
"2017-10-31",121.14
"2017-11-01",120.76
"2017-11-02",120.5
"2017-11-03",120.5
"2017-11-04",120.23
"2017-11-05",120.23
"2017-11-06",120.23
"2017-11-07",120.37
"2017-11-08",120.37
"2017-11-09",120.28
"2017-11-10",120.28
"2017-11-11",120.28
"2017-11-12",120.25
"2017-11-13",120.07
"2017-11-14",120.02
"2017-11-15",119.92
"2017-11-16",119.92
"2017-11-17",119.92
"2017-11-18",119.92
"2017-11-19",119.83
"2017-11-20",119.5
"2017-11-21",119.5
"2017-11-22",118.77
"2017-11-23",118.72
"2017-11-24",118.64
"2017-11-25",118.69
"2017-11-26",118.24
"2017-11-27",118.13
"2017-11-28",117.99
"2017-11-29",117.8
"2017-11-30",117.73
"2017-12-01",117.66
"2017-12-02",117.6
"2017-12-03",116.36
"2017-12-04",115.33
"2017-12-05",114.7
"2017-12-06",114.34
"2017-12-07",114.21
"2017-12-08",114.37
"2017-12-09",114.37
"2017-12-10",114.12
"2017-12-11",113.91
"2017-12-12",113.67
"2017-12-13",115.59
"2017-12-14",116.89
"2017-12-15",116.77
"2017-12-16",116.71
"2017-12-17",116.66
"2017-12-18",116.77
"2017-12-19",116.72
"2017-12-20",116.69
"2017-12-21",116.6
"2017-12-22",116.55
"2017-12-23",116.51
"2017-12-24",116.5
"2017-12-25",116.5
"2017-12-26",118.39
"2017-12-27",118.27
"2017-12-28",118.19
"2017-12-29",118.09
"2017-12-30",118.06
"2017-12-31",118.06
"2018-01-01",122.9
"2018-01-02",122.89
"2018-01-03",122.85
"2018-01-04",122.83
"2018-01-05",122.83
"2018-01-06",122.83
"2018-01-07",122.85
"2018-01-08",122.99
"2018-01-09",123.29
"2018-01-10",136.32
"2018-01-11",137.41
"2018-01-12",137.4
"2018-01-13",137.77
"2018-01-14",143.89
"2018-01-15",145.57
"2018-01-16",145.34
"2018-01-17",146.35
"2018-01-18",146.36
"2018-01-19",146.41
"2018-01-20",147.04
"2018-01-21",147.04
"2018-01-22",147.86
"2018-01-23",148.62
"2018-01-24",148.59
"2018-01-25",148.87
"2018-01-26",149.08
"2018-01-27",149.08
"2018-01-28",149.12
"2018-01-29",149.65
"2018-01-30",149.65
"2018-01-31",149.65
"2018-02-01",149.6
"2018-02-02",149.5
"2018-02-03",149.45
"2018-02-04",149.44
"2018-02-05",149.42
"2018-02-06",149.42
"2018-02-07",149.48
"2018-02-08",149.57
"2018-02-09",149.51
"2018-02-10",149.51
"2018-02-11",149.51
"2018-02-12",149.51
"2018-02-13",149.51
"2018-02-14",149.51
"2018-02-15",149.51
"2018-02-16",149.38
"2018-02-17",150.27
"2018-02-18",150.22
"2018-02-19",150.22
"2018-02-20",150.17
"2018-02-21",150.09
"2018-02-22",150.03
"2018-02-23",149.95
"2018-02-24",149.88
"2018-02-25",149.88
"2018-02-26",149.87
"2018-02-27",149.87
"2018-02-28",149.79
"2018-03-01",149.77
"2018-03-02",149.73
"2018-03-03",157.64
"2018-03-04",157.64
"2018-03-05",157.64
"2018-03-06",157.64
"2018-03-07",157.64
"2018-03-08",157.82
"2018-03-09",157.76
"2018-03-10",157.76
"2018-03-11",157.76
"2018-03-12",157.75
"2018-03-13",157.68
"2018-03-14",157.62
"2018-03-15",157.62
"2018-03-16",157.62
"2018-03-17",157.55
"2018-03-18",157.41
"2018-03-19",157.39
"2018-03-20",157.22
"2018-03-21",157.18
"2018-03-22",157.05
"2018-03-23",157.01
"2018-03-24",156.87
"2018-03-25",156.85
"2018-03-26",156.85
"2018-03-27",156.77
"2018-03-28",156.76
"2018-03-29",156.76
"2018-03-30",156.76
"2018-03-31",156.61
"2018-04-01",156.49
"2018-04-02",156.18
"2018-04-03",155.82
"2018-04-04",155.12
"2018-04-05",155.04
"2018-04-06",154.97
"2018-04-07",154.82
"2018-04-08",154.69
"2018-04-09",154.61
"2018-04-10",154.61
"2018-04-11",154.55
"2018-04-12",154.55
"2018-04-13",154.55
"2018-04-14",154.4
"2018-04-15",154.4
"2018-04-16",154.35
"2018-04-17",154.22
"2018-04-18",154.22
"2018-04-19",154.22
"2018-04-20",154.61
"2018-04-21",154.52
"2018-04-22",154.52
"2018-04-23",154.52
"2018-04-24",154.43
"2018-04-25",154.36
"2018-04-26",154.29
"2018-04-27",154.29
"2018-04-28",154.24
"2018-04-29",154.24
"2018-04-30",154.24
"2018-05-01",154.12
"2018-05-02",155.02
"2018-05-03",155.02
"2018-05-04",155.02
"2018-05-05",154.9
"2018-05-06",154.61
"2018-05-07",154.61
"2018-05-08",154.61
"2018-05-09",154.61
"2018-05-10",154.61
"2018-05-11",154.61
"2018-05-12",154.61
"2018-05-13",154.61
"2018-05-14",154.61
"2018-05-15",154.61
"2018-05-16",154.61
"2018-05-17",154.56
"2018-05-18",154.56
"2018-05-19",154.49
"2018-05-20",154.49
"2018-05-21",154.49
"2018-05-22",154.49
"2018-05-23",154.49
"2018-05-24",154.49
"2018-05-25",154.24
"2018-05-26",153.86
"2018-05-27",153.59
"2018-05-28",151.95
"2018-05-29",151.24
"2018-05-30",150.48
"2018-05-31",149.69
"2018-06-01",148.93
"2018-06-02",148.93
"2018-06-03",148.87
"2018-06-04",148.87
"2018-06-05",148.87
"2018-06-06",148.75
"2018-06-07",148.55
"2018-06-08",145.9
"2018-06-09",145.9
"2018-06-10",145.9
"2018-06-11",145.63
"2018-06-12",145.17
"2018-06-13",145.1
"2018-06-14",144.97
"2018-06-15",144.9
"2018-06-16",144.9
"2018-06-17",144.84
"2018-06-18",144.84
"2018-06-19",144.84
"2018-06-20",144.84
"2018-06-21",144.84
"2018-06-22",144.81
"2018-06-23",144.81
"2018-06-24",144.81
"2018-06-25",144.81
"2018-06-26",144.81
"2018-06-27",144.81
"2018-06-28",144.78
"2018-06-29",144.78
"2018-06-30",144.78
"2018-07-01",144.78
"2018-07-02",144.78
"2018-07-03",144.78
"2018-07-04",144.64
"2018-07-05",144.64
"2018-07-06",144.64
"2018-07-07",144.64
"2018-07-08",144.64
"2018-07-09",144.64
"2018-07-10",144.57
"2018-07-11",144.57
"2018-07-12",144.57
"2018-07-13",144.57
"2018-07-14",144.57
"2018-07-15",144.57
"2018-07-16",144.57
"2018-07-17",144.53
"2018-07-18",144.48
"2018-07-19",144.48
"2018-07-20",144.44
"2018-07-21",144.44
"2018-07-22",144.44
"2018-07-23",144.39
"2018-07-24",144.39
"2018-07-25",144.36
"2018-07-26",144.27
"2018-07-27",144.21
"2018-07-28",144.21
"2018-07-29",144.21
"2018-07-30",144.21
"2018-07-31",144.04
"2018-08-01",144.04
"2018-08-02",143.97
"2018-08-03",143.91
"2018-08-04",143.91
"2018-08-05",143.91
"2018-08-06",143.8
"2018-08-07",143.73
"2018-08-08",143.73
"2018-08-09",143.73
"2018-08-10",143.68
"2018-08-11",143.68
"2018-08-12",143.84
"2018-08-13",143.77
"2018-08-14",144.01
"2018-08-15",143.28
"2018-08-16",143.21
"2018-08-17",143.14
"2018-08-18",143.02
"2018-08-19",143.02
"2018-08-20",143.02
"2018-08-21",143.02
"2018-08-22",142.86
"2018-08-23",142.86
"2018-08-24",142.86
"2018-08-25",142.86
"2018-08-26",142.59
"2018-08-27",142.46
"2018-08-28",142.39
"2018-08-29",142.39
"2018-08-30",142.39
"2018-08-31",142.39
"2018-09-01",141.83
"2018-09-02",141.77
"2018-09-03",141.77
"2018-09-04",141.77
"2018-09-05",141.77
"2018-09-06",141.77
"2018-09-07",141.71
"2018-09-08",141.71
"2018-09-09",141.71
"2018-09-10",141.71
"2018-09-11",141.23
"2018-09-12",141.23
"2018-09-13",141.23
"2018-09-14",141.1
"2018-09-15",141.1
"2018-09-16",141.04
"2018-09-17",141.37
"2018-09-18",141.37
"2018-09-19",141.37
"2018-09-20",141.24
"2018-09-21",141.13
"2018-09-22",140.85
"2018-09-23",140.85
"2018-09-24",140.85
"2018-09-25",140.85
"2018-09-26",140.72
"2018-09-27",140.69
"2018-09-28",140.69
"2018-09-29",140.65
"2018-09-30",140.65
"2018-10-01",140.61
"2018-10-02",141.26
"2018-10-03",141.2
"2018-10-04",141.14
"2018-10-05",141.07
"2018-10-06",141.01
"2018-10-07",141.01
"2018-10-08",140.83
"2018-10-09",140.83
"2018-10-10",140.83
"2018-10-11",140.21
"2018-10-12",139.59
"2018-10-13",139.59
"2018-10-14",139.59
"2018-10-15",139.59
"2018-10-16",139.59
"2018-10-17",139.59
"2018-10-18",139.34
"2018-10-19",139.34
"2018-10-20",139.26
"2018-10-21",139.26
"2018-10-22",139.26
"2018-10-23",138.78
"2018-10-24",138.76
"2018-10-25",138.59
"2018-10-26",138.46
"2018-10-27",138.46
"2018-10-28",138.1
"2018-10-29",137.98
"2018-10-30",137.98
"2018-10-31",137.92
"2018-11-01",137.81
"2018-11-02",137.81
"2018-11-03",137.63
"2018-11-04",137.63
"2018-11-05",137.63
"2018-11-06",137.6
"2018-11-07",137.43
"2018-11-08",137.37
"2018-11-09",137.37
"2018-11-10",137.37
"2018-11-11",137.37
"2018-11-12",137.31
"2018-11-13",137.2
"2018-11-14",137.16
"2018-11-15",137.16
"2018-11-16",137.16
"2018-11-17",137.1
"2018-11-18",136.91
"2018-11-19",136.87
"2018-11-20",136.26
"2018-11-21",136.22
"2018-11-22",136.09
"2018-11-23",136.09
"2018-11-24",136.03
"2018-11-25",135.87
"2018-11-26",135.29
"2018-11-27",134.89
"2018-11-28",134.71
"2018-11-29",134.52
"2018-11-30",135.93
"2018-12-01",135.93
"2018-12-02",135.93
"2018-12-03",135.87
"2018-12-04",135.74
"2018-12-05",134.91
"2018-12-06",134.64
"2018-12-07",134.24
"2018-12-08",133.84
"2018-12-09",133.84
"2018-12-10",133.84
"2018-12-11",133.84
"2018-12-12",133.84
"2018-12-13",132.64
"2018-12-14",132.64
"2018-12-15",132.59
"2018-12-16",131.99
"2018-12-17",131.88
"2018-12-18",131.79
"2018-12-19",131.68
"2018-12-20",131.34
"2018-12-21",131.3
"2018-12-22",131.15
"2018-12-23",131.1
"2018-12-24",130.91
"2018-12-25",130.98
"2018-12-26",130.98
"2018-12-27",130.92
"2018-12-28",130.81
"2018-12-29",130.64
"2018-12-30",130.23
"2018-12-31",130.23
"2019-01-01",130.14
"2019-01-02",130.14
"2019-01-03",130.1
"2019-01-04",130
"2019-01-05",130
"2019-01-06",130
"2019-01-07",129.76
"2019-01-08",129.61
"2019-01-09",129.54
"2019-01-10",129.7
"2019-01-11",129.65
"2019-01-12",129.65
"2019-01-13",129.63
"2019-01-14",129.63
"2019-01-15",129.63
"2019-01-16",129.59
"2019-01-17",129.51
"2019-01-18",129.42
"2019-01-19",129.2
"2019-01-20",128.92
"2019-01-21",128.84
"2019-01-22",128.78
"2019-01-23",128.74
"2019-01-24",128.15
"2019-01-25",128.07
"2019-01-26",127.89
"2019-01-27",127.81
"2019-01-28",127.81
"2019-01-29",127.81
"2019-01-30",127.68
"2019-01-31",127.63
"2019-02-01",127.5
"2019-02-02",127.5
"2019-02-03",127.37
"2019-02-04",127.37
"2019-02-05",127.32
"2019-02-06",127.32
"2019-02-07",127.32
"2019-02-08",127.24
"2019-02-09",127.21
"2019-02-10",127.17
"2019-02-11",127.17
"2019-02-12",127.17
"2019-02-13",127.17
"2019-02-14",127.09
"2019-02-15",127.09
"2019-02-16",127.01
"2019-02-17",127.01
"2019-02-18",127.07
"2019-02-19",127.03
"2019-02-20",126.98
"2019-02-21",126.98
"2019-02-22",126.8
"2019-02-23",126.51
"2019-02-24",126.42
"2019-02-25",126.42
"2019-02-26",126.42
"2019-02-27",126.37
"2019-02-28",126.33
"2019-03-01",126.33
"2019-03-02",126.27
"2019-03-03",126.27
"2019-03-04",126.27
"2019-03-05",126.23
"2019-03-06",126.2
"2019-03-07",126.2
"2019-03-08",126.2
"2019-03-09",126.2
"2019-03-10",126.2
"2019-03-11",126.19
"2019-03-12",126.19
"2019-03-13",126.12
"2019-03-14",125.99
"2019-03-15",125.96
"2019-03-16",125.79
"2019-03-17",125.79
"2019-03-18",125.79
"2019-03-19",125.79
"2019-03-20",125.68
"2019-03-21",125.63
"2019-03-22",125.53
"2019-03-23",125.53
"2019-03-24",125.36
"2019-03-25",125.6
"2019-03-26",125.66
"2019-03-27",125.77
"2019-03-28",125.49
"2019-03-29",125.71
"2019-03-30",125.67
"2019-03-31",125.63
"2019-04-01",125.59
"2019-04-02",125.59
"2019-04-03",125.59
"2019-04-04",125.59
"2019-04-05",125.45
"2019-04-06",127.84
"2019-04-07",127.74
"2019-04-08",127.73
"2019-04-09",127.73
"2019-04-10",127.71
"2019-04-11",127.66
"2019-04-12",127.63
"2019-04-13",127.55
"2019-04-14",127.55
"2019-04-15",127.52
"2019-04-16",127.47
"2019-04-17",127.44
"2019-04-18",127.33
"2019-04-19",127.33
"2019-04-20",127.14
"2019-04-21",127.02
"2019-04-22",127.02
"2019-04-23",127.01
"2019-04-24",126.98
"2019-04-25",126.96
"2019-04-26",126.96
"2019-04-27",126.96
"2019-04-28",127.01
"2019-04-29",126.98
"2019-04-30",126.98
"2019-05-01",126.98
"2019-05-02",126.98
"2019-05-03",126.94
"2019-05-04",126.92
"2019-05-05",126.92
"2019-05-06",124.95
"2019-05-07",124.87
"2019-05-08",124.79
"2019-05-09",124.7
"2019-05-10",124.68
"2019-05-11",124.66
"2019-05-12",124.66
"2019-05-13",124.96
"2019-05-14",124.94
"2019-05-15",124.94
"2019-05-16",124.96
"2019-05-17",125.01
"2019-05-18",125.44
"2019-05-19",126.43
"2019-05-20",126.43
"2019-05-21",126.46
"2019-05-22",126.62
"2019-05-23",127.18
"2019-05-24",127.24
"2019-05-25",127.24
"2019-05-26",127.23
"2019-05-27",127.23
"2019-05-28",127.23
"2019-05-29",127.23
"2019-05-30",127.23
"2019-05-31",127.26
"2019-06-01",127.26
"2019-06-02",127.26
"2019-06-03",127.27
"2019-06-04",127.24
"2019-06-05",127.26
"2019-06-06",127.25
"2019-06-07",127.25
"2019-06-08",127.25
"2019-06-09",127.25
"2019-06-10",127.25
"2019-06-11",127.26
"2019-06-12",127.33
"2019-06-13",127.33
"2019-06-14",127.96
"2019-06-15",127.96
"2019-06-16",128.17
"2019-06-17",128.2
"2019-06-18",128.24
"2019-06-19",128.26
"2019-06-20",128.16
"2019-06-21",127.86
"2019-06-22",128.15
"2019-06-23",128.18
"2019-06-24",128.18
"2019-06-25",128.18
"2019-06-26",128.18
"2019-06-27",128.18
"2019-06-28",128.63
"2019-06-29",128.63
"2019-06-30",128.63
"2019-07-01",128.62
"2019-07-02",128.62
"2019-07-03",128.62
"2019-07-04",128.62
"2019-07-05",128.6
"2019-07-06",128.59
"2019-07-07",128.6
"2019-07-08",128.59
"2019-07-09",128.6
"2019-07-10",128.62
"2019-07-11",128.63
"2019-07-12",128.63
"2019-07-13",128.61
"2019-07-14",128.61
"2019-07-15",128.61
"2019-07-16",128.59
"2019-07-17",128.54
"2019-07-18",128.51
"2019-07-19",128.38
"2019-07-20",128.31
"2019-07-21",128.29
"2019-07-22",128.18
"2019-07-23",128.18
"2019-07-24",128.18
"2019-07-25",128.18
"2019-07-26",128.16
"2019-07-27",128.16
"2019-07-28",128.09
"2019-07-29",127.91
"2019-07-30",127.91
"2019-07-31",127.95
"2019-08-01",127.92
"2019-08-02",127.92
"2019-08-03",127.92
"2019-08-04",127.92
"2019-08-05",127.92
"2019-08-06",127.93
"2019-08-07",127.93
"2019-08-08",127.93
"2019-08-09",127.63
"2019-08-10",127.78
"2019-08-11",127.8
"2019-08-12",127.58
"2019-08-13",127.47
"2019-08-14",127.45
"2019-08-15",127.45
"2019-08-16",127.45
"2019-08-17",127.45
"2019-08-18",127.45
"2019-08-19",127.45
"2019-08-20",127.45
"2019-08-21",127.45
"2019-08-22",127.4
"2019-08-23",127.4
"2019-08-24",127.4
"2019-08-25",127.4
"2019-08-26",127.4
"2019-08-27",127.34
"2019-08-28",127.34
"2019-08-29",127.34
"2019-08-30",127.34
"2019-08-31",127.33
"2019-09-01",127.3
"2019-09-02",125.41
"2019-09-03",125.12
"2019-09-04",125.1
"2019-09-05",125.06
"2019-09-06",125.06
"2019-09-07",125.06
"2019-09-08",124.84
"2019-09-09",124.84
"2019-09-10",124.84
"2019-09-11",124.84
"2019-09-12",125.41
"2019-09-13",125.34
"2019-09-14",125.33
"2019-09-15",124.58
"2019-09-16",124.58
"2019-09-17",124.53
"2019-09-18",124.53
"2019-09-19",124.53
"2019-09-20",124.53
"2019-09-21",124.53
"2019-09-22",124.53
"2019-09-23",124.53
"2019-09-24",126.34
"2019-09-25",126.31
"2019-09-26",126.31
"2019-09-27",126.21
"2019-09-28",126.04
"2019-09-29",126.02
"2019-09-30",126.02
"2019-10-01",126.02
"2019-10-02",126.02
"2019-10-03",126.02
"2019-10-04",125.97
"2019-10-05",125.97
"2019-10-06",125.97
"2019-10-07",125.97
"2019-10-08",125.95
"2019-10-09",125.95
"2019-10-10",125.95
"2019-10-11",125.95
"2019-10-12",125.91
"2019-10-13",125.83
"2019-10-14",125.8
"2019-10-15",125.79
"2019-10-16",125.79
"2019-10-17",125.79
"2019-10-18",125.77
"2019-10-19",125.77
"2019-10-20",125.77
"2019-10-21",125.77
"2019-10-22",125.77
"2019-10-23",125.74
"2019-10-24",125.69
"2019-10-25",125.67
"2019-10-26",125.61
"2019-10-27",125.61
"2019-10-28",125.61
"2019-10-29",125.61
"2019-10-30",125.59
"2019-10-31",125.56
"2019-11-01",125.57
"2019-11-02",125.4
"2019-11-03",125.35
"2019-11-04",125.36
"2019-11-05",125.36
"2019-11-06",125.36
"2019-11-07",125.32
"2019-11-08",125.3
"2019-11-09",125.26
"2019-11-10",125.24
"2019-11-11",125.24
"2019-11-12",125.24
"2019-11-13",125.31
"2019-11-14",125.31
"2019-11-15",125.31
"2019-11-16",125.31
"2019-11-17",125.3
"2019-11-18",125.3
"2019-11-19",125.3
"2019-11-20",125.29
"2019-11-21",125.24
"2019-11-22",125.18
"2019-11-23",124.01
"2019-11-24",124.01
"2019-11-25",123.94
"2019-11-26",123.94
"2019-11-27",123.92
"2019-11-28",123.92
"2019-11-29",123.91
"2019-11-30",123.91
"2019-12-01",123.91
"2019-12-02",123.88
"2019-12-03",123.88
"2019-12-04",123.83
"2019-12-05",123.79
"2019-12-06",123.79
"2019-12-07",123.79
"2019-12-08",123.55
"2019-12-09",123.46
"2019-12-10",123.36
"2019-12-11",123.35
"2019-12-12",123.35
"2019-12-13",123.35
"2019-12-14",123.35
"2019-12-15",123.35
"2019-12-16",123.3
"2019-12-17",122.91
"2019-12-18",122.89
"2019-12-19",122.89
"2019-12-20",122.85
"2019-12-21",122.76
"2019-12-22",122.67
"2019-12-23",122.64
"2019-12-24",122.64
"2019-12-25",122.64
"2019-12-26",122.6
"2019-12-27",122.74
"2019-12-28",123.55
"2019-12-29",123.56
"2019-12-30",123.3
"2019-12-31",123.16
"2020-01-01",123.09
"2020-01-02",123.56
"2020-01-03",123.67
"2020-01-04",123.76
"2020-01-05",123.76
"2020-01-06",123.99
"2020-01-07",123.55
"2020-01-08",123.66
"2020-01-09",124.5
"2020-01-10",124.76
"2020-01-11",124.74
"2020-01-12",124.79
"2020-01-13",125.12
"2020-01-14",125.19
"2020-01-15",125.42
"2020-01-16",126.22
"2020-01-17",128.25
"2020-01-18",128.49
"2020-01-19",128.55
"2020-01-20",128.59
"2020-01-21",128.7
"2020-01-22",128.69
"2020-01-23",128.68
"2020-01-24",128.68
"2020-01-25",128.98
"2020-01-26",129.14
"2020-01-27",129.14
"2020-01-28",129.14
"2020-01-29",129.15
"2020-01-30",129.16
"2020-01-31",129.16
"2020-02-01",129.15
"2020-02-02",129.13
"2020-02-03",129.25
"2020-02-04",129.26
"2020-02-05",129.26
"2020-02-06",129.34
"2020-02-07",129.67
"2020-02-08",129.74
"2020-02-09",130.07
"2020-02-10",130.8
"2020-02-11",130.92
"2020-02-12",131
"2020-02-13",131.03
"2020-02-14",131.03
"2020-02-15",131.03
"2020-02-16",131.4
"2020-02-17",131.4
"2020-02-18",131.41
"2020-02-19",131.42
"2020-02-20",131.49
"2020-02-21",131.49
"2020-02-22",131.49
"2020-02-23",131.52
"2020-02-24",131.52
"2020-02-25",131.57
"2020-02-26",131.57
"2020-02-27",131.57
"2020-02-28",131.62
"2020-02-29",131.62
"2020-03-01",131.62
"2020-03-02",131.62
"2020-03-03",131.62
"2020-03-04",131.7
"2020-03-05",131.7
"2020-03-06",131.74
"2020-03-07",131.75
"2020-03-08",131.76
"2020-03-09",131.74
"2020-03-10",131.73
"2020-03-11",131.73
"2020-03-12",131.73
"2020-03-13",131.57
"2020-03-14",131.61
"2020-03-15",131.59
"2020-03-16",131.55
"2020-03-17",131.55
"2020-03-18",131.55
"2020-03-19",131.55
"2020-03-20",131.55
"2020-03-21",131.54
"2020-03-22",131.83
"2020-03-23",131.82
"2020-03-24",131.79
"2020-03-25",131.84
"2020-03-26",131.8
"2020-03-27",131.8
"2020-03-28",131.8
"2020-03-29",131.79
"2020-03-30",131.77
"2020-03-31",131.77
"2020-04-01",131.76
"2020-04-02",131.76
"2020-04-03",131.76
"2020-04-04",131.76
"2020-04-05",131.76
"2020-04-06",131.75
"2020-04-07",131.74
"2020-04-08",131.9
"2020-04-09",131.9
"2020-04-10",131.89
"2020-04-11",131.89
"2020-04-12",131.89
"2020-04-13",131.85
"2020-04-14",131.85
"2020-04-15",131.85
"2020-04-16",131.85
"2020-04-17",131.92
"2020-04-18",131.99
"2020-04-19",132
"2020-04-20",132
"2020-04-21",131.98
"2020-04-22",132.03
"2020-04-23",132.18
"2020-04-24",132.31
"2020-04-25",133.12
"2020-04-26",137.41
"2020-04-27",137.74
"2020-04-28",137.79
"2020-04-29",138.45
"2020-04-30",138.45
"2020-05-01",138.48
"2020-05-02",138.66
"2020-05-03",139.01
"2020-05-04",139.08
"2020-05-05",140.27
"2020-05-06",140.27
"2020-05-07",140.45
"2020-05-08",140.94
"2020-05-09",141.74
"2020-05-10",143.33
"2020-05-11",143.39
"2020-05-12",143.43
"2020-05-13",143.46
"2020-05-14",145.63
"2020-05-15",145.89
"2020-05-16",150.55
"2020-05-17",151.03
"2020-05-18",151.59
"2020-05-19",152.21
"2020-05-20",157.79
"2020-05-21",162.38
"2020-05-22",165.28
"2020-05-23",168.05
"2020-05-24",174.93
"2020-05-25",175.58
"2020-05-26",178.47
"2020-05-27",183.77
"2020-05-28",189.31
"2020-05-29",189.91
"2020-05-30",190.02
"2020-05-31",190.1
"2020-06-01",193.36
"2020-06-02",193.93
"2020-06-03",194.07
"2020-06-04",194.07
"2020-06-05",194.07
"2020-06-06",194.17
"2020-06-07",194.22
"2020-06-08",194.22
"2020-06-09",194.25
"2020-06-10",194.26
"2020-06-11",194.32
"2020-06-12",194.51
"2020-06-13",195.08
"2020-06-14",195.08
"2020-06-15",195.12
"2020-06-16",195.14
"2020-06-17",195.25
"2020-06-18",195.59
"2020-06-19",195.56
"2020-06-20",195.77
"2020-06-21",195.91
"2020-06-22",196.13
"2020-06-23",196.3
"2020-06-24",196.3
"2020-06-25",196.44
"2020-06-26",196.45
"2020-06-27",196.65
"2020-06-28",197.51
"2020-06-29",197.6
"2020-06-30",197.6
"2020-07-01",197.62
"2020-07-02",197.84
"2020-07-03",198.03
"2020-07-04",198.06
"2020-07-05",198.41
"2020-07-06",198.47
"2020-07-07",198.48
"2020-07-08",198.48
"2020-07-09",198.58
"2020-07-10",198.81
"2020-07-11",199.1
"2020-07-12",199.13
"2020-07-13",199.17
"2020-07-14",199.18
"2020-07-15",199.42
"2020-07-16",199.48
"2020-07-17",199.5
"2020-07-18",199.5
"2020-07-19",199.56
"2020-07-20",199.63
"2020-07-21",199.63
"2020-07-22",199.93
"2020-07-23",200.08
"2020-07-24",200.08
"2020-07-25",200.12
"2020-07-26",200.12
"2020-07-27",200.12
"2020-07-28",200.18
"2020-07-29",200.22
"2020-07-30",200.38
"2020-07-31",200.64
"2020-08-01",201.02
"2020-08-02",201.1
"2020-08-03",201.14
"2020-08-04",201.47
"2020-08-05",201.58
"2020-08-06",201.65
"2020-08-07",202.04
"2020-08-08",202.04
"2020-08-09",202.11
"2020-08-10",202.11
"2020-08-11",202.11
"2020-08-12",202.19
"2020-08-13",202.19
"2020-08-14",202.36
"2020-08-15",202.47
"2020-08-16",202.69
"2020-08-17",202.8
"2020-08-18",202.84
"2020-08-19",202.84
"2020-08-20",202.83
"2020-08-21",202.85
"2020-08-22",203
"2020-08-23",203.33
"2020-08-24",203.64
"2020-08-25",205.14
"2020-08-26",206.62
"2020-08-27",206.74
"2020-08-28",206.93
"2020-08-29",207.05
"2020-08-30",207.12
"2020-08-31",207.32
"2020-09-01",207.36
"2020-09-02",207.39
"2020-09-03",207.6
"2020-09-04",207.64
"2020-09-05",207.64
"2020-09-06",220.38
"2020-09-07",222.79
"2020-09-08",223.14
"2020-09-09",224.6
"2020-09-10",225.36
"2020-09-11",232.93
"2020-09-12",242.22
"2020-09-13",253.03
"2020-09-14",275.37
"2020-09-15",300.38
"2020-09-16",301.87
"2020-09-17",312.69
"2020-09-18",319.16
"2020-09-19",324.06
"2020-09-20",336.18
"2020-09-21",338.7
"2020-09-22",348.77
"2020-09-23",354.98
"2020-09-24",398.14
"2020-09-25",421.41
"2020-09-26",436.02
"2020-09-27",457.63
"2020-09-28",535.96
"2020-09-29",567.16
"2020-09-30",578.83
"2020-10-01",587.35
"2020-10-02",594.81
"2020-10-03",617.06
"2020-10-04",625.86
"2020-10-05",635.61
"2020-10-06",639.83
"2020-10-07",650.84
"2020-10-08",658.03
"2020-10-09",663.42
"2020-10-10",666.31
"2020-10-11",671.01
"2020-10-12",676.9
"2020-10-13",679.53
"2020-10-14",681.55
"2020-10-15",686.56
"2020-10-16",690.81
"2020-10-17",693.6
"2020-10-18",694.61
"2020-10-19",695.3
"2020-10-20",696.11
"2020-10-21",697.66
"2020-10-22",700.12
"2020-10-23",701.5
"2020-10-24",703.29
"2020-10-25",705
"2020-10-26",705.97
"2020-10-27",706.06
"2020-10-28",708.74
"2020-10-29",708.97
"2020-10-30",709.56
"2020-10-31",710.46
"2020-11-01",712.24
"2020-11-02",712.31
"2020-11-03",713.9
"2020-11-04",714.11
"2020-11-05",714.31
"2020-11-06",714.42
"2020-11-07",716
"2020-11-08",716
"2020-11-09",716.28
"2020-11-10",716.57
"2020-11-11",716.57
"2020-11-12",718.1
"2020-11-13",728.18
"2020-11-14",729
"2020-11-15",730.02
"2020-11-16",735.4
"2020-11-17",736.89
"2020-11-18",738.63
"2020-11-19",744.14
"2020-11-20",746.67
"2020-11-21",746.82
"2020-11-22",747.11
"2020-11-23",748.87
"2020-11-24",751.55
"2020-11-25",752.18
"2020-11-26",752.72
"2020-11-27",752.86
"2020-11-28",753.31
"2020-11-29",753.45
"2020-11-30",758.84
"2020-12-01",758.84
"2020-12-02",760.19
"2020-12-03",760.74
"2020-12-04",760.74
"2020-12-05",763.3
"2020-12-06",764.91
"2020-12-07",768.02
"2020-12-08",768.02
"2020-12-09",768.02
"2020-12-10",768.02
"2020-12-11",768.56
"2020-12-12",768.46
"2020-12-13",769
"2020-12-14",771.42
"2020-12-15",771.51
"2020-12-16",771.51
"2020-12-17",771.72
"2020-12-18",773.83
"2020-12-19",773.75
"2020-12-20",773.82
"2020-12-21",774.48
"2020-12-22",784.04
"2020-12-23",794.28
"2020-12-24",807.72
"2020-12-25",829.66
"2020-12-26",848.07
"2020-12-27",856.78
"2020-12-28",859.6
"2020-12-29",863.89
"2020-12-30",887.91
"2020-12-31",892.8
"2021-01-01",902.83
"2021-01-02",904.89
"2021-01-03",908.31
"2021-01-04",920.68
"2021-01-05",933.84
"2021-01-06",978.05
"2021-01-07",1000.88
"2021-01-08",1008.95
"2021-01-09",1019.41
"2021-01-10",1053
"2021-01-11",1061.33
"2021-01-12",1074.22
"2021-01-13",1096.68
"2021-01-14",1104.57
"2021-01-15",1109.43
"2021-01-16",1120.43
"2021-01-17",1120.78
"2021-01-18",1151.78
"2021-01-19",1159.48
"2021-01-20",1165.77
"2021-01-21",1172.67
"2021-01-22",1178.94
"2021-01-23",1302.7
"2021-01-24",1351.78
"2021-01-25",1379.61
"2021-01-26",1401.2
"2021-01-27",1468.59
"2021-01-28",1503.73
"2021-01-29",1512.82
"2021-01-30",1541.49
"2021-01-31",1557.87
"2021-02-01",1597.89
"2021-02-02",1688.57
"2021-02-03",1737.76
"2021-02-04",1828.65
"2021-02-05",1891.73
"2021-02-06",1932.15
"2021-02-07",1991.87
"2021-02-08",2104.48
"2021-02-09",2193.53
"2021-02-10",2232.29
"2021-02-11",2388.29
"2021-02-12",2436.64
"2021-02-13",2576.84
"2021-02-14",3024.04
"2021-02-15",3293.78
"2021-02-16",3477.6
"2021-02-17",3932.25
"2021-02-18",4536.46
"2021-02-19",5149.24
"2021-02-20",5517.61
"2021-02-21",6602.71
"2021-02-22",7670.83
"2021-02-23",7982
"2021-02-24",8280.07
"2021-02-25",8440.92
"2021-02-26",8554.6
"2021-02-27",8736.68
"2021-02-28",8913.29
"2021-03-01",9009.96
"2021-03-02",9281.78
"2021-03-03",9483.46
"2021-03-04",9650.29
"2021-03-05",9881.4
"2021-03-06",9943
"2021-03-07",10035.74
"2021-03-08",10172.2
"2021-03-09",10276.28
"2021-03-10",10379.99
"2021-03-11",12280.86
"2021-03-12",12977.65
"2021-03-13",13293.46
"2021-03-14",13642.59
"2021-03-15",13963.12
"2021-03-16",14164.17
"2021-03-17",14425.68
"2021-03-18",14648.66
"2021-03-19",14817.13
"2021-03-20",15023.75
"2021-03-21",15324.68
"2021-03-22",15415.2
"2021-03-23",15616.06
"2021-03-24",15680.6
"2021-03-25",15718.18
"2021-03-26",15762.12
"2021-03-27",15862.19
"2021-03-28",15962.5
"2021-03-29",16071.28
"2021-03-30",16190.33
"2021-03-31",16245.95
"2021-04-01",16317.3
"2021-04-02",16373.88
"2021-04-03",16422.81
"2021-04-04",16464.54
"2021-04-05",16591.05
"2021-04-06",16666.06
"2021-04-07",16726.68
"2021-04-08",17299.39
"2021-04-09",17623.7
"2021-04-10",17796.84
"2021-04-11",18085.03
"2021-04-12",18380.91
"2021-04-13",18748.64
"2021-04-14",18963.43
"2021-04-15",19200.65
"2021-04-16",19383.95
"2021-04-17",19532
"2021-04-18",19684.53
"2021-04-19",19845.5
"2021-04-20",20018.53
"2021-04-21",20156.38
"2021-04-22",20314.32
"2021-04-23",20362.94
"2021-04-24",20449.4
"2021-04-25",20504.35
"2021-04-26",20643.55
"2021-04-27",21001.05
"2021-04-28",21155.24
"2021-04-29",21255.5
"2021-04-30",21390.92
"2021-05-01",21591.6
"2021-05-02",21866.3
"2021-05-03",22717.1
"2021-05-04",23050.43
"2021-05-05",23268.76
"2021-05-06",23426.01
"2021-05-07",23502.97
"2021-05-08",23739.61
"2021-05-09",23898.05
"2021-05-10",24081.99
"2021-05-11",24258.97
"2021-05-12",24425.07
"2021-05-13",24578.83
"2021-05-14",24702.32
"2021-05-15",24771.57
"2021-05-16",24800.23
"2021-05-17",24837.54
"2021-05-18",24974.01
"2021-05-19",25000.03
"2021-05-20",25016.24
"2021-05-21",25046.57
"2021-05-22",25072.54
"2021-05-23",25110.8
"2021-05-24",25224.62
"2021-05-25",25261.71
"2021-05-26",25298.39
"2021-05-27",25321.26
"2021-05-28",25363.99
"2021-05-29",25398.28
"2021-05-30",25445.53
"2021-05-31",25459.72
"2021-06-01",25485.74
"2021-06-02",25499.71
"2021-06-03",25524.51
"2021-06-04",25532.87
"2021-06-05",25534.65
"2021-06-06",25546.87
"2021-06-07",25571.5
"2021-06-08",25605.99
"2021-06-09",25611.13
"2021-06-10",25633.94
"2021-06-11",25668.45
"2021-06-12",25678.68
"2021-06-13",25682.97
"2021-06-14",25692.66
"2021-06-15",25710.4
"2021-06-16",25768.92
"2021-06-17",25801.33
"2021-06-18",25805.36
"2021-06-19",25807.17
"2021-06-20",25814.72
"2021-06-21",25819.21
"2021-06-22",25839.35
"2021-06-23",25851.44
"2021-06-24",25859.56
"2021-06-25",25885.81
"2021-06-26",25908.81
"2021-06-27",25917.55
"2021-06-28",25964.62
"2021-06-29",25913
"2021-06-30",25929.82
"2021-07-01",25940.1
"2021-07-02",25929.14
"2021-07-03",25954.49
"2021-07-04",26044.98
"2021-07-05",26000.03
"2021-07-06",26080.74
"2021-07-07",26080.32
"2021-07-08",26108.84
"2021-07-09",26162.62
"2021-07-10",26220.01
"2021-07-11",26255.89
"2021-07-12",26360.67
"2021-07-13",26540.17
"2021-07-14",26593.63
"2021-07-15",26646.07
"2021-07-16",26704.42
"2021-07-17",26820.23
"2021-07-18",26831.4
"2021-07-19",26899.97
"2021-07-20",26917.93
"2021-07-21",26955.54
"2021-07-22",26994.77
"2021-07-23",27036.92
"2021-07-24",27101.91
"2021-07-25",27136.64
"2021-07-26",27297.71
"2021-07-27",27383.04
"2021-07-28",27447.68
"2021-07-29",27734.47
"2021-07-30",29294.44
"2021-07-31",31186.2
"2021-08-01",32743.72
"2021-08-02",33025.74
"2021-08-03",33702.3
"2021-08-04",34782.69
"2021-08-05",36470.75
"2021-08-06",38741.22
"2021-08-07",39278.65
"2021-08-08",39611.95
"2021-08-09",39886.14
"2021-08-10",40253.73
"2021-08-11",40659.88
"2021-08-12",40951.21
"2021-08-13",41087.16
"2021-08-14",41263.96
"2021-08-15",41415.93
"2021-08-16",41698.32
"2021-08-17",41905.63
"2021-08-18",42071.95
"2021-08-19",42264.06
"2021-08-20",42690.21
"2021-08-21",43054.32
"2021-08-22",43392.66
"2021-08-23",47796.05
"2021-08-24",49610.13
"2021-08-25",50663.37
"2021-08-26",51366.99
"2021-08-27",54302.13
"2021-08-28",61191.91
"2021-08-29",63359.13
"2021-08-30",63948.65
"2021-08-31",64352.5
"2021-09-01",64772.8
"2021-09-02",65162.89
"2021-09-03",65584.98
"2021-09-04",66426.02
"2021-09-05",66649.14
"2021-09-06",66893.52
"2021-09-07",67197.42
"2021-09-08",67291.34
"2021-09-09",67373.57
"2021-09-10",67529.03
"2021-09-11",67991.2
"2021-09-12",68135.55
"2021-09-13",68285.05
"2021-09-14",68372.07
"2021-09-15",68632.37
"2021-09-16",70165.05
"2021-09-17",70292.62
"2021-09-18",70304.6
"2021-09-19",70429.32
"2021-09-20",70568.11
"2021-09-21",70699.26
"2021-09-22",70832.27
"2021-09-23",71146.69
"2021-09-24",71632.6
"2021-09-25",72074.02
"2021-09-26",72236.05
"2021-09-27",72351.64
"2021-09-28",72572.61
"2021-09-29",73012.6
"2021-09-30",73736.87
"2021-10-01",74685.22
"2021-10-02",75053.42
"2021-10-03",75353.43
"2021-10-04",75850.34
"2021-10-05",76194.41
"2021-10-06",76323.19
"2021-10-07",76432.84
"2021-10-08",76614.22
"2021-10-09",76667.25
"2021-10-10",76840.26
"2021-10-11",76942.25
"2021-10-12",77090.19
"2021-10-13",77209.65
"2021-10-14",77354.23
"2021-10-15",77454.73
"2021-10-16",77609.1
"2021-10-17",77885.04
"2021-10-18",77999.39
"2021-10-19",78201.73
"2021-10-20",78486.87
"2021-10-21",78716.66
"2021-10-22",78895.93
"2021-10-23",79264.84
"2021-10-24",79445.7
"2021-10-25",79689.2
"2021-10-26",80002.01
"2021-10-27",80296.4
"2021-10-28",80551.95
"2021-10-29",80915.78
"2021-10-30",81054.61
"2021-10-31",81191.09
"2021-11-01",81362.87
"2021-11-02",81477.38
"2021-11-03",81715.7
"2021-11-04",81874.29
"2021-11-05",81935.65
"2021-11-06",82240.04
"2021-11-07",82472.57
"2021-11-08",82934.97
"2021-11-09",83241.79
"2021-11-10",83546.27
"2021-11-11",83864.69
"2021-11-12",84030.65
"2021-11-13",84238.08
"2021-11-14",84678.34
"2021-11-15",85040.76
"2021-11-16",85280.3
"2021-11-17",85505.92
"2021-11-18",85653.15
"2021-11-19",85752.13
"2021-11-20",85914.56
"2021-11-21",86081.25
"2021-11-22",86272.66
"2021-11-23",86417.91
"2021-11-24",86580.5
"2021-11-25",86795.14
"2021-11-26",86856.03
"2021-11-27",86922.21
"2021-11-28",87001.08
"2021-11-29",87057.74
"2021-11-30",87177.32
"2021-12-01",87379.37
"2021-12-02",87581.52
"2021-12-03",88039.93
"2021-12-04",88199.25
"2021-12-05",88463.56
"2021-12-06",88925.25
"2021-12-07",89066.04
"2021-12-08",89257.26
"2021-12-09",89257.26