Collection,Volume (7d),Sales (7d),‚è∑  Volume (All Time),Sales (All Time),Avg Price (7d),Total Supply,Owners,Owners%,Estimated Market Cap,Added,Compound Score,Positive Score,Neutral Score,Negative Score
CryptoPunks,"10,772.66 ETH",129,"740,553.42 ETH",18024,83.51 ETH,9999,3258,32.58%,"835,006.41 ETH",2021/04/30,0.340348,0.17784,0.8014100000000001,0.02076
Bored Ape YC,"8,464.81 ETH",146,"254,090.60 ETH",23055,57.98 ETH,10000,5917,59.17%,"579,781.71 ETH",2021/05/02,0.05397299999999998,0.09407,0.854605,0.051324999999999996
Mutant Ape Yacht Club,"3,194.29 ETH",404,"125,326.10 ETH",18470,7.91 ETH,16964,10522,62.03%,"134,128.41 ETH",2021/08/29,0.18589099999999995,0.12402666666666666,0.8366933333333334,0.03928
Meebits,781.34 ETH,173,"76,883.32 ETH",14114,4.53 ETH,19999,5377,26.89%,"90,682.73 ETH",2021/05/04,0.14238649999999997,0.10299,0.8595149999999999,0.037494999999999994
Loot (for Adventurers),147.54 ETH,57,"71,481.39 ETH",10493,2.59 ETH,7779,2541,32.66%,"20,134.78 ETH",2021/09/04,0.13364919999999997,0.096638,0.8671120000000001,0.03624999999999999
Cool Cats NFT,632.25 ETH,77,"59,257.44 ETH",23423,8.21 ETH,9933,5003,50.37%,"81,560.72 ETH",2021/07/02,0.20453616666666663,0.11602833333333334,0.8514116666666667,0.032560000000000006
CrypToadz by GREMPLIN,841.34 ETH,209,"50,400.97 ETH",15554,4.03 ETH,7025,3584,51.02%,"28,279.41 ETH",2021/09/11,0.15565485714285715,0.1016542857142857,0.8624771428571427,0.03586857142857143
0N1 Force,82.56 ETH,102,"44,683.19 ETH",16443,0.81 ETH,7775,4217,54.24%,"6,293.50 ETH",2021/08/22,0.11316474999999998,0.09557749999999998,0.8592862499999999,0.04513125
MekaVerse,208.94 ETH,154,"43,588.20 ETH",9813,1.36 ETH,8887,5106,57.45%,"12,057.64 ETH",2021/10/16,0.16847377777777778,0.11248999999999998,0.846991111111111,0.04051333333333334
Pudgy Penguins,207.74 ETH,178,"42,485.05 ETH",28845,1.17 ETH,8887,4721,53.12%,"10,371.97 ETH",2021/07/29,0.1627334,0.108792,0.851371,0.039833999999999994
Hashmasks,71.30 ETH,68,"40,334.89 ETH",19030,1.05 ETH,16382,5043,30.78%,"17,178.02 ETH",2021/04/30,0.15203636363636364,0.10258636363636364,0.8592936363636364,0.03811727272727273
Bored Ape Kennel Club,370.94 ETH,123,"38,831.32 ETH",14059,3.02 ETH,9602,4966,51.72%,"28,957.09 ETH",2021/06/26,0.14470566666666665,0.10214583333333334,0.8557641666666665,0.0420875
CyberKongz,"1,039.62 ETH",90,"38,706.29 ETH",4289,11.55 ETH,4801,2197,45.76%,"55,457.72 ETH",2021/06/18,0.16302276923076925,0.10538769230769232,0.8552707692307692,0.039339230769230765
VeeFriends,319.60 ETH,29,"32,236.45 ETH",3074,11.02 ETH,10255,5102,49.75%,"113,018.41 ETH",2021/06/15,0.17066314285714287,0.10708857142857141,0.8542114285714285,0.03869714285714286
World of Women,753.41 ETH,317,"26,142.14 ETH",18229,2.38 ETH,10000,4572,45.72%,"23,766.99 ETH",2021/07/28,0.15691933333333333,0.10595800000000001,0.8503486666666668,0.043694
The Doge Pound,244.95 ETH,124,"24,439.58 ETH",16394,1.98 ETH,10000,5543,55.43%,"19,754.32 ETH",2021/07/20,0.15208724999999998,0.10107,0.85773,0.041199999999999994
Lazy Lions,619.91 ETH,511,"19,383.31 ETH",21800,1.22 ETH,10080,4882,48.43%,"12,255.68 ETH",2021/08/10,0.13615329411764707,0.09909529411764707,0.8548388235294119,0.046064117647058825
Sneaky Vampire Syndicate,92.38 ETH,100,"19,057.29 ETH",12754,0.92 ETH,8888,1645,18.51%,"8,210.47 ETH",2021/09/16,0.126186,0.09815722222222222,0.8518961111111111,0.049955
Axie Origins,"1,860.75 ETH",108,"18,555.37 ETH",3904,17.23 ETH,3802,606,15.94%,"65,505.45 ETH",2021/07/24,0.12606664826062947,0.09830922142462728,0.8517454445057979,0.049953616786305895
CyberKongz VX,135.36 ETH,116,"18,526.40 ETH",14866,1.17 ETH,14582,4076,27.95%,"17,016.20 ETH",2021/08/16,0.14720026164311878,0.10127943485086344,0.8508555729984302,0.047872841444270016
SupDucks,177.55 ETH,155,"17,697.08 ETH",15586,1.15 ETH,10001,3260,32.60%,"11,455.88 ETH",2021/07/18,0.13951874689209348,0.09907309796121333,0.85321929388364,0.04770959721531576
FLUF World,328.57 ETH,212,"17,696.62 ETH",15588,1.55 ETH,9999,3585,35.85%,"15,454.47 ETH",2021/08/09,0.13967224064424447,0.09987446707721458,0.8535594504973946,0.04656797726196116
JUNGLE FREAKS BY TROSLEY,124.86 ETH,255,"17,194.69 ETH",18309,0.49 ETH,9999,5360,53.61%,"4,896.07 ETH",2021/10/21,0.14075079149706016,0.099363184079602,0.8537200361827226,0.04691632745364089
GalacticApes,77.64 ETH,197,"16,746.13 ETH",16516,0.39 ETH,9998,3484,34.85%,"3,940.27 ETH",2021/10/03,0.1355298572046733,0.0952912159238425,0.8598221549112938,0.044886196451752486
MutantCats,80.77 ETH,186,"15,252.07 ETH",20188,0.43 ETH,9999,727,7.27%,"4,342.06 ETH",2021/11/26,0.1379068851099129,0.09635255080879303,0.8587386976358357,0.04490875155537122
Vox Collectibles,"1,311.60 ETH",410,"15,215.89 ETH",15733,3.20 ETH,8888,3268,36.77%,"28,432.94 ETH",2021/08/13,0.13271871764237356,0.09429828753484668,0.8607467144563918,0.044955396256471526
Gutter Cat Gang,263.93 ETH,49,"15,146.36 ETH",8856,5.36 ETH,3000,1727,57.57%,"16,084.53 ETH",2021/06/09,0.13735986212179244,0.094567981616239,0.8619299119111451,0.04350248946763692
MoonCats,59.08 ETH,105,"14,060.84 ETH",12299,0.56 ETH,18498,5109,27.62%,"10,408.17 ETH",2021/05/03,0.13753769826632237,0.094234968646256,0.862917373662855,0.04284839542604205
Bears Deluxe,663.92 ETH,251,"13,888.85 ETH",21541,2.65 ETH,6899,931,13.49%,"18,248.68 ETH",2021/09/23,0.13825962290999644,0.09458555674137317,0.8632362148701529,0.04217716115261473
Koala Intelligence Agency,10.18 ETH,75,"12,507.36 ETH",16838,0.14 ETH,10000,4914,49.14%,"1,357.09 ETH",2021/08/25,0.13678354123354125,0.09424809424809423,0.8634573804573805,0.04229279279279279
The Sevens (Official),13.01 ETH,89,"11,749.18 ETH",9715,0.15 ETH,7000,2890,41.29%,"1,023.22 ETH",2021/09/10,0.1354959699453552,0.09345252732240437,0.8645344945355192,0.042010928961748635
Adam Bomb Squad,154.15 ETH,464,"11,567.68 ETH",25311,0.33 ETH,24999,8022,32.09%,"8,305.40 ETH",2021/10/05,0.11736647952443857,0.09158817701453105,0.8612744385733159,0.04713804491413474
Rumble Kong League,901.38 ETH,362,"11,044.46 ETH",10783,2.49 ETH,9998,2956,29.57%,"24,895.05 ETH",2021/08/01,0.11512330562659846,0.09009878516624041,0.8636007033248081,0.04630147058823529
The Humanoids,244.84 ETH,554,"10,961.93 ETH",18537,0.44 ETH,10000,5202,52.02%,"4,419.54 ETH",2021/10/05,0.11606675960346964,0.08976548946716233,0.8645526641883519,0.04568246592317224
PEACEFUL GROUPIES,35.02 ETH,109,"10,687.87 ETH",18268,0.32 ETH,9999,3699,36.99%,"3,219.71 ETH",2021/09/23,0.11979792668269229,0.09066676682692308,0.8638858173076923,0.04544891826923077
The CryptoDads,25.98 ETH,104,"10,408.02 ETH",13877,0.25 ETH,9999,7990,79.91%,"2,497.64 ETH",2021/09/11,0.12603468494749126,0.09167998833138856,0.8637214119019838,0.044599474912485414
Robotos Official,67.04 ETH,111,"10,400.80 ETH",20036,0.60 ETH,9999,5393,53.94%,"6,039.26 ETH",2021/08/05,0.10667125850340135,0.08918367346938776,0.8627842970521543,0.04803287981859411
THE SHIBOSHIS,228.66 ETH,190,"9,728.43 ETH",6616,1.20 ETH,10000,3610,36.10%,"12,028.49 ETH",2021/10/29,0.1174177783902977,0.09078528114663725,0.8623475744211686,0.04686797133406835
Animetas,20.79 ETH,83,"9,445.59 ETH",16304,0.25 ETH,10100,4036,39.96%,"2,529.98 ETH",2021/08/01,0.11282068133047211,0.0898293991416309,0.8632435622317596,0.046927575107296136
DeadFellaz,308.05 ETH,332,"9,165.55 ETH",18093,0.93 ETH,9997,5360,53.62%,"9,275.94 ETH",2021/08/18,0.12300101880877742,0.0927855276907001,0.8611138975966562,0.046100835945663526
The Wicked Craniums,6.48 ETH,49,"8,779.92 ETH",20667,0.13 ETH,10761,3827,35.56%,"1,423.31 ETH",2021/06/21,0.11772034114052952,0.0917489816700611,0.8606952647657841,0.047555753564154785
GEVOLs.,31.01 ETH,101,"8,483.03 ETH",10060,0.31 ETH,8888,3540,39.83%,"2,729.12 ETH",2021/09/02,0.1174075968222443,0.09100099304865938,0.8620625620655413,0.04693669314796425
Winter Bears,45.30 ETH,262,"8,178.98 ETH",18743,0.18 ETH,10000,4558,45.58%,"1,753.03 ETH",2021/09/30,0.1298482315891473,0.09336458333333333,0.8608359980620155,0.04579966085271317
The Vogu Collective,4.91 ETH,33,"8,087.70 ETH",11094,0.15 ETH,7777,2828,36.36%,"1,180.32 ETH",2021/07/28,0.13229846596356665,0.09404362416107381,0.8603571428571428,0.04559923298178332
FVCK_CRYSTAL//,29.16 ETH,21,"8,003.03 ETH",3301,1.39 ETH,4168,1978,47.46%,"5,787.17 ETH",2021/08/12,0.1306614232209738,0.09236118913857679,0.8630142790262172,0.04462453183520599
Desperate ApeWives,"2,628.64 ETH",1539,"7,915.04 ETH",10405,1.71 ETH,10000,4703,47.03%,"17,080.18 ETH",2021/11/01,0.12451004117108874,0.09239158279963404,0.8610375114364136,0.04657182067703568
Metasaurs by Dr. DMT,43.65 ETH,176,"7,615.46 ETH",13260,0.25 ETH,9999,5601,56.02%,"2,479.86 ETH",2021/10/17,0.11962779516994633,0.09299373881932022,0.8596053220035778,0.04740854203935599
Wicked Ape Bone Club,10.72 ETH,83,"7,494.61 ETH",21243,0.13 ETH,9999,4716,47.16%,"1,291.50 ETH",2021/08/19,0.11820374832663991,0.09280566711289602,0.8594763498438197,0.04772556894243642
BASTARD GAN PUNKS V2,13.98 ETH,44,"7,373.37 ETH",10913,0.32 ETH,11304,2847,25.19%,"3,592.36 ETH",2021/08/19,0.11378961152335225,0.09172915757311217,0.8600379746835444,0.04824094281972938
Stoner Cats,13.05 ETH,38,"7,139.82 ETH",8703,0.34 ETH,10419,5005,48.04%,"3,579.11 ETH",2021/07/27,0.11313648013669372,0.09080926954293037,0.8616373344724476,0.047561298590346
Gambling Apes,401.77 ETH,304,"7,113.32 ETH",13133,1.32 ETH,7777,3848,49.48%,"10,278.26 ETH",2021/09/08,0.1135237139272271,0.09108218318695106,0.8611516102049351,0.04777394395650355
Ape Kids Club (AKC),"6,129.25 ETH",9057,"6,956.07 ETH",12976,0.68 ETH,9999,5133,51.34%,"6,766.74 ETH",2021/12/07,0.12415024580090127,0.09233674723473986,0.8608256861941826,0.04684514543219991
Cupcats Official,14.71 ETH,65,"6,853.33 ETH",8368,0.23 ETH,5007,1965,39.25%,"1,133.09 ETH",2021/10/18,0.12083464662875712,0.09161230706742486,0.861296100731113,0.04709910641754671
Ape Gang,46.09 ETH,101,"6,700.36 ETH",28875,0.46 ETH,10000,4027,40.27%,"4,563.35 ETH",2021/07/05,0.12086976512738853,0.09179040605095541,0.8608355891719744,0.047381568471337586
Party Ape | Billionaire Club,132.64 ETH,253,"6,519.10 ETH",11423,0.53 ETH,10330,5023,48.63%,"5,431.21 ETH",2021/10/23,0.1271954332552693,0.0938536299765808,0.8590001951600312,0.0471547619047619
Habbo Avatars,20.67 ETH,110,"6,088.43 ETH",10061,0.19 ETH,11600,3494,30.12%,"2,179.60 ETH",2021/11/11,0.12666747702909648,0.09313035987748852,0.8602767993874426,0.046601071975497704
Al Cabones,2.14 ETH,40,"6,026.37 ETH",15090,0.06 ETH,10000,3655,36.55%,622.10 ETH,2021/10/10,0.12658117466998278,0.0931109623110771,0.8602674574325617,0.04662980677252726
DystoPunks,33.87 ETH,21,"5,874.56 ETH",3019,1.61 ETH,2077,673,32.40%,"3,349.90 ETH",2021/06/27,0.1277257368124648,0.09326919466866905,0.8605342594330769,0.04620461798385583
SpacePunksClub,11.75 ETH,47,"5,781.62 ETH",12604,0.25 ETH,9994,4542,45.45%,"2,497.78 ETH",2021/08/20,0.12838190528837293,0.09365118850193477,0.860232725262576,0.0461232725262576
Forgotten Runes Wizards,110.56 ETH,97,"5,667.68 ETH",12111,1.14 ETH,9456,2489,26.32%,"10,778.16 ETH",2021/07/05,0.12183206079247332,0.09208775104034739,0.8611362402750136,0.04678288402388276
Sipherian Surge,64.33 ETH,178,"5,608.68 ETH",12800,0.36 ETH,9999,3732,37.32%,"3,608.40 ETH",2021/09/11,0.11960220366092057,0.09073644926248445,0.8630920561578107,0.04617824773413898
Galaxy Fight Club,204.00 ETH,249,"5,588.05 ETH",14328,0.82 ETH,10127,2554,25.22%,"8,296.82 ETH",2021/08/23,0.12142751877073511,0.09103335079448227,0.8623397939584426,0.046642919504103375
Voxies,775.56 ETH,622,"5,531.26 ETH",6324,1.25 ETH,10000,1700,17.00%,"12,468.85 ETH",2021/07/01,0.11977446370344946,0.08978977175218808,0.8642443796121504,0.04598163720610949
Boonji Project,143.09 ETH,485,"5,481.55 ETH",10808,0.30 ETH,11110,5549,49.95%,"3,277.77 ETH",2021/12/02,0.11850647882571283,0.08907777965243799,0.8652520668128902,0.04568567572127552
Incognito,15.97 ETH,155,"5,336.58 ETH",16064,0.11 ETH,9998,3314,33.15%,"1,052.07 ETH",2021/08/18,0.11789639953542393,0.08863497594159615,0.8660265472042474,0.04535407333665174
Lonely Alien,3.17 ETH,39,"5,244.27 ETH",14935,0.08 ETH,10001,3830,38.30%,832.11 ETH,2021/07/18,0.11437790109352047,0.08831091888362982,0.8652733801207768,0.046430879712746856
Capsule House,15.13 ETH,117,"5,052.44 ETH",12695,0.13 ETH,10000,2922,29.22%,"1,293.51 ETH",2021/10/04,0.11444490123655052,0.0888405331620363,0.8647791874096675,0.04639553557090092
DeadHeads,17.33 ETH,72,"5,028.11 ETH",14791,0.24 ETH,10000,3093,30.93%,"2,406.81 ETH",2021/07/10,0.11838598071755967,0.08972672672672673,0.8643813813813813,0.0459069069069069
Yakuza Cats Society,94.87 ETH,428,"4,942.70 ETH",13912,0.22 ETH,8929,3212,35.97%,"1,979.23 ETH",2021/10/05,0.12224060992687101,0.09026699859965769,0.8640099579897309,0.04573798039520771
BullsOnTheBlock,3.66 ETH,28,"4,810.94 ETH",15146,0.13 ETH,10000,1701,17.01%,"1,308.86 ETH",2021/06/28,0.12280530105714724,0.09009361115366939,0.8644119810019917,0.04550988202849701
Fang Gang,8.69 ETH,82,"4,377.13 ETH",15040,0.11 ETH,8888,4112,46.26%,941.84 ETH,2021/09/05,0.12434723102459634,0.09088079070469292,0.8635539459785726,0.04557537347215935
Gutter Rats,46.39 ETH,57,"4,342.59 ETH",4275,0.81 ETH,2986,1805,60.45%,"2,418.32 ETH",2021/07/11,0.12360943957187452,0.09030578266686486,0.8643133640552996,0.04539096179574848
Party Degenerates,20.24 ETH,110,"4,336.98 ETH",6144,0.22 ETH,9994,4136,41.38%,"2,173.75 ETH",2021/11/02,0.12472756701332942,0.09054885015380108,0.8642560421854402,0.045205361066354185
Superlative Secret Society (Official),31.39 ETH,146,"4,318.20 ETH",17463,0.21 ETH,11110,5834,52.51%,"2,388.62 ETH",2021/10/15,0.1230665800490833,0.08958625667677206,0.8655018045329869,0.044922044174967514
CryptoMories,337.98 ETH,610,"4,317.05 ETH",17337,0.55 ETH,10000,4304,43.04%,"5,540.65 ETH",2021/11/26,0.125285086096485,0.0906983065319482,0.8648956880603388,0.0444159669844884
CryptoDickbutts S3,38.67 ETH,53,"4,302.25 ETH",6347,0.73 ETH,5200,1484,28.54%,"3,794.32 ETH",2021/08/07,0.12344106917356532,0.08980622983022309,0.8660186614283709,0.044184930545811706
The Official Surreals,10.08 ETH,138,"4,026.69 ETH",11320,0.07 ETH,9999,5029,50.30%,730.05 ETH,2021/10/07,0.12348400616764788,0.0897873563218391,0.8660808802915615,0.044141575553686564
Dapper Dinos NFT,15.66 ETH,115,"4,009.08 ETH",10458,0.14 ETH,9940,4621,46.49%,"1,353.34 ETH",2021/09/19,0.12445161649944259,0.08994425863991082,0.8660671683389075,0.04399832775919732
Fast Food Punks,5.45 ETH,7,"3,930.95 ETH",2751,0.78 ETH,1000,388,38.80%,778.57 ETH,2021/08/29,0.12871073391973611,0.09034868059373281,0.8661227322704782,0.04353820780648708
The Wanderers,29.70 ETH,83,"3,921.22 ETH",12567,0.36 ETH,8888,4326,48.67%,"3,169.26 ETH",2021/08/18,0.12802273590021693,0.09016323210412147,0.8661765184381778,0.04366960412147505
Avastars,2.25 ETH,23,"3,918.25 ETH",9088,0.10 ETH,25335,4650,18.35%,"2,479.05 ETH",2021/08/13,0.12753554039593365,0.08955029427501339,0.8671595773140717,0.04329895666131622
TheHeartProject,22.49 ETH,163,"3,866.09 ETH",12932,0.14 ETH,9809,4839,49.33%,"1,353.60 ETH",2021/10/19,0.12743326650628173,0.08947848168938785,0.8672661053194334,0.04326423416198877
Sappy Seals,162.28 ETH,593,"3,718.78 ETH",16054,0.27 ETH,9999,2534,25.34%,"2,736.37 ETH",2021/09/07,0.12358001846478502,0.08891018201002374,0.8666804273278819,0.044417963597995255
Nifty League DEGENs,190.09 ETH,324,"3,681.04 ETH",9450,0.59 ETH,9900,3945,39.85%,"5,808.38 ETH",2021/10/05,0.12093126789898463,0.08856248372819578,0.8666434522259828,0.04480252538401458
OnChainMonkey,54.43 ETH,173,"3,666.00 ETH",13773,0.30 ETH,9500,2855,30.05%,"2,879.35 ETH",2021/09/23,0.12254712156258031,0.08907902852737085,0.8664509123618608,0.04447854022102287
The KILLAZ,1.74 ETH,41,"3,638.49 ETH",14739,0.04 ETH,9971,4177,41.89%,423.14 ETH,2021/08/29,0.12431604922608475,0.08954935295610252,0.8658759198173054,0.044583100735853844
Royal Society of Players,7.61 ETH,59,"3,611.26 ETH",10053,0.13 ETH,9999,1632,16.32%,"1,296.12 ETH",2021/07/25,0.12357453995462565,0.08945487774136628,0.8657210738593395,0.044832367027980845
FoxFam,26.46 ETH,144,"3,595.01 ETH",12101,0.18 ETH,10000,3161,31.61%,"1,837.48 ETH",2021/10/15,0.12343639531989047,0.08934042818023401,0.8659901667911376,0.04467762011451332
Swampverse,319.44 ETH,1106,"3,528.46 ETH",10494,0.29 ETH,9599,4787,49.87%,"2,772.41 ETH",2021/12/03,0.1260888861568724,0.08940976149495942,0.8664636095402017,0.04413474305384804
Bored Mummy Waking Up,25.24 ETH,101,"3,517.87 ETH",15505,0.25 ETH,8888,3666,41.25%,"2,221.38 ETH",2021/08/14,0.12683817099829972,0.09004141365071655,0.8653650716541171,0.04460153024046636
24px,13.65 ETH,206,"3,433.08 ETH",26333,0.07 ETH,9900,4243,42.86%,653.17 ETH,2021/08/14,0.12476633069354448,0.08942452603791698,0.8658311735061196,0.04475281977441805
Boss Beauties,59.97 ETH,220,"3,397.10 ETH",11807,0.27 ETH,10000,4482,44.82%,"2,726.07 ETH",2021/09/26,0.12734455774247094,0.09049407161489212,0.8649637182831397,0.04455062840882144
Omnimorphs,2.69 ETH,57,"3,368.54 ETH",11742,0.05 ETH,10000,4116,41.16%,471.26 ETH,2021/09/23,0.12642123271619402,0.0900790953831732,0.8655458167330677,0.044383641902976334
Crypto Cannabis Club,32.86 ETH,165,"3,282.89 ETH",10414,0.20 ETH,10000,4090,40.90%,"1,991.61 ETH",2021/08/09,0.12482179754459112,0.08951494093120223,0.8660565207319898,0.04443734074588835
Ether Cards Founder,31.25 ETH,80,"3,040.42 ETH",2476,0.39 ETH,10000,1571,15.71%,"3,906.84 ETH",2021/10/29,0.12413876803297456,0.08885207236088849,0.8670831234256927,0.04407350583924892
Gauntlets,7.46 ETH,51,"3,034.83 ETH",6645,0.15 ETH,10000,3880,38.80%,"1,461.80 ETH",2021/08/25,0.1236090332805071,0.08894838125424498,0.8667080597690741,0.0443535204890197
Party Penguins,0.41 ETH,19,"3,030.63 ETH",13232,0.02 ETH,9998,3499,35.00%,225.70 ETH,2021/07/29,0.12685237295724197,0.08988627714349677,0.8660782404298186,0.04404510857398702
Cosmic Labs,40.66 ETH,255,"3,021.49 ETH",11929,0.16 ETH,9000,3072,34.13%,"1,435.22 ETH",2021/11/10,0.1304228802302413,0.09021197697586895,0.8661685853442551,0.04362895727252602
Fatales,0.93 ETH,59,"2,969.57 ETH",9209,0.02 ETH,10000,3573,35.73%,158.18 ETH,2021/09/04,0.12819013575651408,0.08934311364134007,0.8671142982264068,0.043552003503393916
Claylings,5.52 ETH,41,"2,934.11 ETH",7907,0.13 ETH,4040,2111,52.25%,543.79 ETH,2021/09/28,0.13380094217024038,0.09081990470002167,0.866008122157245,0.043181286549707605
Crypto.Chicks,13.57 ETH,123,"2,875.55 ETH",10917,0.11 ETH,9999,3413,34.13%,"1,102.83 ETH",2021/09/26,,,,
Waifusion,1.10 ETH,12,"2,838.60 ETH",7694,0.09 ETH,16385,1880,11.47%,"1,495.27 ETH",2021/04/30,,,,
Goons of Balatroon,6.88 ETH,78,"2,826.26 ETH",8318,0.09 ETH,9696,3451,35.59%,854.73 ETH,2021/08/24,,,,
Doge Pound Puppies,27.79 ETH,84,"2,826.09 ETH",4972,0.33 ETH,8068,4624,57.31%,"2,669.35 ETH",2021/09/19,,,,
Rogue Society Bots,1.67 ETH,107,"2,820.59 ETH",14921,0.02 ETH,15777,6900,43.73%,246.90 ETH,2021/09/12,,,,
Axolittles,3.34 ETH,64,"2,798.76 ETH",13774,0.05 ETH,9999,3976,39.76%,522.54 ETH,2021/09/08,,,,
NFT Siblings,6.69 ETH,83,"2,796.90 ETH",9377,0.08 ETH,10100,2477,24.52%,809.68 ETH,2021/08/21,,,,
CryptoHoots Steampunk Parliament,18.03 ETH,55,"2,726.69 ETH",4037,0.33 ETH,2498,954,38.19%,819.09 ETH,2021/10/11,,,,
Space Poggers,1.76 ETH,42,"2,681.32 ETH",13275,0.04 ETH,12441,3356,26.98%,519.89 ETH,2021/08/17,,,,
The Project URS,2.80 ETH,60,"2,675.93 ETH",10170,0.05 ETH,9983,3697,37.03%,466.34 ETH,2021/09/14,,,,
FameLadySquad,10.57 ETH,80,"2,638.01 ETH",15017,0.13 ETH,8888,3591,40.40%,"1,173.96 ETH",2021/07/13,,,,
MarsCatsVoyage,12.88 ETH,133,"2,628.26 ETH",9028,0.10 ETH,10000,3461,34.61%,968.22 ETH,2021/09/23,,,,
Ready Player Cat NFT,2.48 ETH,20,"2,624.97 ETH",4411,0.12 ETH,4949,1806,36.49%,607.31 ETH,2021/08/25,,,,
Chubbies,0.97 ETH,24,"2,522.44 ETH",5926,0.04 ETH,9999,2807,28.07%,390.92 ETH,2021/04/30,,,,
Crazy Lizard Army,0.56 ETH,15,"2,517.45 ETH",10788,0.04 ETH,6283,1895,30.16%,232.47 ETH,2021/07/30,,,,
Purrnelopes Country Club,12.04 ETH,48,"2,505.23 ETH",8348,0.25 ETH,10000,3032,30.32%,"2,509.23 ETH",2021/07/23,,,,
0xVampire Project,0.28 ETH,34,"2,500.27 ETH",13519,0.01 ETH,9860,4292,43.53%,81.84 ETH,2021/09/21,,,,
Obits Official,9.37 ETH,77,"2,478.93 ETH",11015,0.12 ETH,7132,3005,42.13%,871.86 ETH,2021/10/07,,,,
Chill Frogs NFT,10.05 ETH,53,"2,378.36 ETH",9450,0.19 ETH,6000,2427,40.45%,"1,128.08 ETH",2021/08/27,,,,
Crypto Hobos,6.23 ETH,100,"2,340.65 ETH",10776,0.06 ETH,7981,3070,38.47%,502.37 ETH,2021/09/23,,,,
Sad Frogs District,0.04 ETH,12,"2,319.58 ETH",9072,0.00 ETH,6993,2156,30.83%,21.56 ETH,2021/08/12,,,,
BYOPills,28.83 ETH,116,"2,285.62 ETH",11748,0.25 ETH,9998,3436,34.37%,"2,484.94 ETH",2021/07/16,,,,
Visitors of Imma Degen,11.32 ETH,58,"2,242.70 ETH",10945,0.20 ETH,9999,2686,26.86%,"1,951.38 ETH",2021/07/03,,,,
Monaco Planet Yacht,152.86 ETH,678,"2,235.59 ETH",10842,0.23 ETH,9999,5014,50.15%,"2,254.33 ETH",2021/12/01,,,,
GOATz,25.15 ETH,184,"2,212.27 ETH",14342,0.14 ETH,7694,2904,37.74%,"1,051.48 ETH",2021/07/09,,,,
KingFrogs,10.74 ETH,142,"2,169.88 ETH",8014,0.08 ETH,17013,5148,30.26%,"1,286.81 ETH",2021/10/04,,,,
Society of Derivative Apes,90.48 ETH,712,"2,169.08 ETH",12959,0.13 ETH,9998,5546,55.47%,"1,270.49 ETH",2021/12/01,,,,
ALPACADABRAZ,28.73 ETH,184,"2,167.54 ETH",6990,0.16 ETH,9669,3071,31.76%,"1,509.87 ETH",2021/10/26,,,,
SympathyForTheDevils,2.17 ETH,22,"2,134.85 ETH",7935,0.10 ETH,5762,2137,37.09%,567.11 ETH,2021/08/21,,,,
JunkYard Dogs,2.63 ETH,44,"2,108.01 ETH",9358,0.06 ETH,7976,3338,41.85%,476.50 ETH,2021/08/14,,,,
Gutter Dogs,139.61 ETH,110,"2,098.43 ETH",1388,1.27 ETH,2884,1907,66.12%,"3,660.22 ETH",2021/10/06,,,,
The Alien Boy,2.72 ETH,37,"2,080.27 ETH",14035,0.07 ETH,10000,3637,36.37%,732.29 ETH,2021/06/20,,,,
Crypto Pills by Micha Klein,6.56 ETH,52,"2,066.91 ETH",7128,0.13 ETH,9999,2232,22.32%,"1,252.93 ETH",2021/09/03,,,,
uwucrew,5.62 ETH,45,"2,054.85 ETH",10397,0.12 ETH,9670,2696,27.88%,"1,207.48 ETH",2021/09/08,,,,
Chiptos,0.89 ETH,1,"2,042.90 ETH",929,0.95 ETH,512,288,56.25%,483.84 ETH,2021/08/30,,,,
BearXLabs,59.48 ETH,162,"2,040.89 ETH",4332,0.37 ETH,3700,1605,43.38%,"1,359.76 ETH",2021/11/06,,,,
Playboy Rabbitars Official,68.61 ETH,287,"2,013.92 ETH",6257,0.24 ETH,11953,5036,42.13%,"2,857.39 ETH",2021/11/17,,,,
Paladin Pandas,5.95 ETH,87,"1,960.31 ETH",8942,0.07 ETH,9849,3001,30.47%,663.21 ETH,2021/09/30,,,,
FusionApes,4.99 ETH,32,"1,909.60 ETH",5111,0.16 ETH,4201,1716,40.85%,654.66 ETH,2021/09/10,,,,
Fly Frogs,1.77 ETH,74,"1,871.31 ETH",10886,0.02 ETH,9999,3927,39.27%,238.28 ETH,2021/10/06,,,,
Women and Weapons,40.58 ETH,270,"1,795.07 ETH",10657,0.15 ETH,10000,4930,49.30%,"1,522.34 ETH",2021/11/01,,,,
COVIDPunks!,0.38 ETH,22,"1,792.79 ETH",10166,0.02 ETH,10000,3855,38.55%,170.68 ETH,2021/08/08,,,,
$LONDON Gift,6.58 ETH,41,"1,780.73 ETH",7076,0.16 ETH,8887,2766,31.12%,"1,426.47 ETH",2021/08/09,,,,
Weird Whales,1.47 ETH,9,"1,780.05 ETH",7416,0.16 ETH,3350,1632,48.72%,546.05 ETH,2021/07/22,,,,
Tools Of Rock,3.32 ETH,76,"1,773.51 ETH",6552,0.04 ETH,7688,2353,30.61%,336.26 ETH,2021/08/24,,,,
Guardians of the Metaverse,2.52 ETH,52,"1,766.60 ETH",9622,0.05 ETH,10000,4278,42.78%,482.26 ETH,2021/09/14,,,,
Rebel Seals Club | RSC,3.79 ETH,74,"1,760.82 ETH",8534,0.05 ETH,9998,2728,27.29%,507.19 ETH,2021/10/13,,,,
Uninterested Unicorns,8.66 ETH,41,"1,750.28 ETH",2501,0.21 ETH,6899,1405,20.37%,"1,457.03 ETH",2021/09/19,,,,
Top Dog Beach Club,9.33 ETH,49,"1,681.86 ETH",8654,0.19 ETH,8000,2839,35.49%,"1,523.25 ETH",2021/07/08,,,,
Satoshibles,5.40 ETH,24,"1,659.47 ETH",6072,0.22 ETH,5000,1618,32.36%,"1,124.12 ETH",2021/08/12,,,,
Koin Games Dev Squad,36.53 ETH,74,"1,585.07 ETH",5227,0.49 ETH,5555,1855,33.39%,"2,742.32 ETH",2021/09/12,,,,
Non-Fungible Heroes,6.56 ETH,122,"1,583.94 ETH",9116,0.05 ETH,8888,3501,39.39%,477.76 ETH,2021/09/21,,,,
DarkSuperBunnies,0.18 ETH,11,"1,551.70 ETH",4731,0.02 ETH,5000,1810,36.20%,89.55 ETH,2021/09/01,,,,
The Lost Glitches,1.79 ETH,52,"1,534.76 ETH",6868,0.04 ETH,9999,3383,33.83%,364.20 ETH,2021/08/26,,,,
Mandelbrot Set Collection,0.13 ETH,7,"1,528.33 ETH",2517,0.02 ETH,1978,992,50.15%,35.60 ETH,2021/09/12,,,,
Sidus NFT Heroes,203.65 ETH,179,"1,518.00 ETH",3449,1.14 ETH,5149,1371,26.63%,"5,857.97 ETH",2021/09/22,,,,
Woodies Generative Characters,10.52 ETH,54,"1,511.71 ETH",2717,0.19 ETH,6276,2610,41.59%,"1,223.18 ETH",2021/10/07,,,,
Dope Shibas,0.59 ETH,28,"1,507.73 ETH",11268,0.02 ETH,9899,3827,38.66%,207.53 ETH,2021/08/14,,,,
ArcadeNFT,5.94 ETH,19,"1,506.70 ETH",4296,0.45 ETH,6066,3183,52.47%,"2,728.69 ETH",2021/12/02,,,,
Loopy Donuts,18.67 ETH,142,"1,497.18 ETH",10632,0.13 ETH,10000,3809,38.09%,"1,301.69 ETH",2021/09/27,,,,
CHIBI DINOS,4.92 ETH,72,"1,453.29 ETH",11445,0.07 ETH,10000,3584,35.84%,683.00 ETH,2021/08/23,,,,
AlphaBetty Doodles,0.43 ETH,32,"1,440.81 ETH",11367,0.01 ETH,10000,3498,34.98%,141.56 ETH,2021/08/08,,,,
Dogs Unchained,1.00 ETH,22,"1,431.27 ETH",4973,0.05 ETH,6020,2211,36.73%,272.76 ETH,2021/09/13,,,,
GRILLZ GANG,0.53 ETH,15,"1,427.28 ETH",3343,0.04 ETH,5360,3006,56.08%,189.57 ETH,2021/10/01,,,,
Bad Bunnies NFT,3.89 ETH,37,"1,424.32 ETH",6309,0.11 ETH,5500,1872,34.04%,578.91 ETH,2021/09/29,,,,
Bonsai by ZENFT,1.83 ETH,17,"1,422.94 ETH",6587,0.11 ETH,8888,2733,30.75%,956.24 ETH,2021/06/02,,,,
LightSuperBunnies,0.35 ETH,16,"1,416.09 ETH",4137,0.02 ETH,5000,1799,35.98%,108.44 ETH,2021/09/01,,,,
Chibi Apes,11.83 ETH,73,"1,403.11 ETH",5042,0.16 ETH,3000,1793,59.77%,485.97 ETH,2021/09/12,,,,
Astro Frens,1.05 ETH,21,"1,375.77 ETH",5970,0.05 ETH,9940,2809,28.26%,484.45 ETH,2021/09/10,,,,
Great Ape Society,9.83 ETH,106,"1,356.75 ETH",10803,0.09 ETH,10000,4102,41.02%,926.90 ETH,2021/08/08,,,,
Secret Soc. of Whales,6.61 ETH,81,"1,354.66 ETH",9299,0.08 ETH,10000,4211,42.11%,815.43 ETH,2021/08/18,,,,
Magic Mushroom Clubhouse,13.97 ETH,177,"1,351.35 ETH",8696,0.08 ETH,9200,4415,47.99%,724.75 ETH,2021/09/29,,,,
BlockchainBikers,0.27 ETH,29,"1,328.87 ETH",6906,0.01 ETH,11106,4605,41.46%,105.27 ETH,2021/08/28,,,,
Sad Girls Bar,3.66 ETH,58,"1,295.40 ETH",8009,0.06 ETH,10000,4291,42.91%,631.60 ETH,2021/09/27,,,,
OctoHedz,3.40 ETH,3,"1,290.95 ETH",583,1.13 ETH,888,375,42.23%,"1,006.40 ETH",2021/10/26,,,,
Fast Food Frens Collection,3.91 ETH,48,"1,289.69 ETH",5455,0.08 ETH,5555,1943,34.98%,452.72 ETH,2021/08/31,,,,
Knights of Degen - Knights!,35.23 ETH,178,"1,269.00 ETH",5405,0.20 ETH,8853,2548,28.78%,"1,752.05 ETH",2021/10/20,,,,
MOONDOGS ODYSSEY,0.44 ETH,26,"1,258.33 ETH",5488,0.02 ETH,5000,1889,37.78%,81.72 ETH,2021/08/14,,,,
Wonky Stonks,8.77 ETH,72,"1,257.60 ETH",6435,0.12 ETH,8736,4846,55.47%,"1,064.03 ETH",2021/10/26,,,,
The Moon Boyz,17.21 ETH,154,"1,255.66 ETH",5848,0.11 ETH,11110,3311,29.80%,"1,241.61 ETH",2021/09/20,,,,
Avarik Saga Universe,41.06 ETH,395,"1,224.58 ETH",8861,0.10 ETH,8888,2975,33.47%,923.91 ETH,2021/10/04,,,,
HappyLand Gummy Bears,0.36 ETH,20,"1,217.09 ETH",9281,0.02 ETH,9600,4072,42.42%,174.96 ETH,2021/08/20,,,,
Shabu Town Shibas,0.07 ETH,15,"1,207.56 ETH",6634,0.00 ETH,10000,3000,30.00%,44.73 ETH,2021/08/29,,,,
Heroes of Evermore,9.14 ETH,95,"1,207.51 ETH",6101,0.09 ETH,9999,2236,22.36%,902.14 ETH,2021/09/10,,,,
Wicked Hound Bone Club,1.23 ETH,45,"1,201.70 ETH",7290,0.03 ETH,11111,3875,34.88%,303.28 ETH,2021/09/15,,,,
Super Yeti,0.82 ETH,29,"1,198.40 ETH",9549,0.03 ETH,10000,3895,38.95%,281.26 ETH,2021/06/15,,,,
Bubblegum Kids,77.54 ETH,474,"1,183.69 ETH",8746,0.16 ETH,10000,3452,34.52%,"1,635.78 ETH",2021/10/05,,,,
Bastard Penguins,0.75 ETH,61,"1,176.21 ETH",12528,0.01 ETH,9999,3924,39.24%,124.27 ETH,2021/10/03,,,,
Krazy Koalas NFT,0.36 ETH,49,"1,173.12 ETH",10275,0.01 ETH,9999,3609,36.09%,74.03 ETH,2021/08/23,,,,
8 BIT UNIVERSE,0.10 ETH,10,"1,164.25 ETH",7583,0.01 ETH,8887,3392,38.17%,107.13 ETH,2021/08/26,,,,
Glue Factory Show,1.39 ETH,18,"1,157.66 ETH",7109,0.07 ETH,10000,3560,35.60%,744.58 ETH,2021/08/12,,,,
Savage Droids,27.24 ETH,316,"1,155.90 ETH",7058,0.09 ETH,7277,2302,31.63%,627.28 ETH,2021/09/19,,,,
Toy Boogers,82.77 ETH,235,"1,147.96 ETH",3509,0.35 ETH,3334,1632,48.95%,"1,174.29 ETH",2021/12/02,,,,
Angry Apes United,31.39 ETH,166,"1,145.18 ETH",5485,0.19 ETH,8888,4724,53.15%,"1,680.78 ETH",2021/11/29,,,,
Zunks,21.03 ETH,186,"1,142.81 ETH",9198,0.11 ETH,10000,3329,33.29%,"1,130.73 ETH",2021/08/14,,,,
Gutter Pigeons,84.39 ETH,96,"1,135.00 ETH",1217,0.87 ETH,2833,1849,65.27%,"2,476.41 ETH",2021/10/06,,,,
Derpy Birbs,0.28 ETH,24,"1,130.57 ETH",4832,0.01 ETH,8192,1812,22.12%,95.10 ETH,2021/08/17,,,,
thedudes,4.89 ETH,3,"1,116.99 ETH",550,1.63 ETH,512,262,51.17%,834.56 ETH,2021/08/04,,,,
THE PLUTO ALLIANCE,13.48 ETH,57,"1,110.62 ETH",4984,0.22 ETH,10000,3135,31.35%,"2,165.89 ETH",2021/09/23,,,,
Mad Rabbits Riot Club,21.39 ETH,117,"1,106.39 ETH",5848,0.18 ETH,7500,2545,33.93%,"1,371.20 ETH",2021/10/14,,,,
Crypto Duckies,5.25 ETH,40,"1,087.18 ETH",11528,0.13 ETH,4998,2025,40.52%,656.05 ETH,2021/09/15,,,,
The CryptoBabyPunks,2.14 ETH,5,"1,086.45 ETH",2034,0.43 ETH,999,478,47.85%,427.37 ETH,2021/06/15,,,,
Roaring Leaders,39.38 ETH,207,"1,060.50 ETH",6171,0.19 ETH,8245,1759,21.33%,"1,568.70 ETH",2021/09/30,,,,
Flowtys,2.78 ETH,65,"1,059.70 ETH",7480,0.04 ETH,10000,3783,37.83%,427.72 ETH,2021/09/30,,,,
Warriors of Aradena,3.95 ETH,38,"1,056.11 ETH",7959,0.10 ETH,8000,2106,26.33%,807.67 ETH,2021/08/18,,,,
Divine Zodiac,0.55 ETH,31,"1,054.89 ETH",10244,0.02 ETH,9998,3620,36.21%,178.67 ETH,2021/07/15,,,,
GenX by HOK,8.16 ETH,114,"1,053.57 ETH",5237,0.07 ETH,9999,3229,32.29%,715.89 ETH,2021/11/05,,,,
Super Shiba Club,0.45 ETH,40,"1,044.35 ETH",6758,0.02 ETH,10010,2849,28.46%,166.31 ETH,2021/10/12,,,,
Rivermen,0.16 ETH,3,"1,042.16 ETH",3151,0.05 ETH,9967,1401,14.06%,544.86 ETH,2021/08/27,,,,
Crypto Hodlers NFT,0.74 ETH,38,"1,011.89 ETH",6564,0.02 ETH,10000,1879,18.79%,193.92 ETH,2021/07/14,,,,
Monster Blocks - Official,0.41 ETH,28,"1,010.38 ETH",7578,0.01 ETH,9040,2102,23.25%,133.28 ETH,2021/08/20,,,,
My Fucking Pickle,0.35 ETH,27,"1,008.08 ETH",13001,0.01 ETH,10000,2771,27.71%,127.78 ETH,2021/07/03,,,,
Dirtybird Flight Club,1.74 ETH,76,"1,003.37 ETH",6420,0.02 ETH,9090,3544,38.99%,210.27 ETH,2021/10/09,,,,
PunkScapes,3.73 ETH,68,991.18 ETH,6036,0.06 ETH,10000,3665,36.65%,581.90 ETH,2021/10/28,,,,
Deez Nuts (Official Nuts),51.88 ETH,322,988.06 ETH,6238,0.16 ETH,10000,3882,38.82%,"1,611.11 ETH",2021/10/13,,,,
Pixls Official,0.32 ETH,4,984.56 ETH,3550,0.08 ETH,5468,1544,28.24%,436.07 ETH,2021/07/07,,,,
The Evolving Forest Genesis,2.31 ETH,40,975.15 ETH,5003,0.06 ETH,9339,1638,17.54%,538.39 ETH,2021/10/22,,,,
Long Neckie Ladies,4.30 ETH,22,968.96 ETH,3893,0.20 ETH,3333,1440,43.20%,651.07 ETH,2021/07/30,,,,
HOF Goat Lodge,1.38 ETH,39,949.97 ETH,7862,0.04 ETH,10000,2849,28.49%,353.74 ETH,2021/07/25,,,,
Angry Ape Army,50.50 ETH,92,934.09 ETH,2141,0.55 ETH,3333,1321,39.63%,"1,829.49 ETH",2021/11/23,,,,
FoxyFam,2.00 ETH,23,927.25 ETH,3673,0.09 ETH,3333,1468,44.04%,289.10 ETH,2021/09/30,,,,
Sipherian Flash,46.26 ETH,212,911.05 ETH,4095,0.22 ETH,10000,3839,38.39%,"2,183.87 ETH",2021/11/23,,,,
BlankFace,0.12 ETH,25,891.50 ETH,8547,0.00 ETH,10000,5161,51.61%,49.80 ETH,2021/09/23,,,,
Degenz,0.11 ETH,4,889.97 ETH,8719,0.03 ETH,11111,1493,13.44%,318.33 ETH,2021/07/06,,,,
BULLSEUM,0.94 ETH,20,889.78 ETH,4206,0.05 ETH,4998,1954,39.10%,234.38 ETH,2021/08/29,,,,
Lucky Maneki,0.37 ETH,25,881.88 ETH,8361,0.01 ETH,14215,3120,21.95%,208.86 ETH,2021/07/14,,,,
BitcoinBillionaires,17.10 ETH,134,877.40 ETH,5437,0.13 ETH,13337,5259,39.43%,"1,702.12 ETH",2021/11/04,,,,
The Soldiers Of The Metaverse,1.42 ETH,47,876.59 ETH,6581,0.03 ETH,7500,2462,32.83%,227.36 ETH,2021/10/11,,,,
ChainFaces,0.92 ETH,8,876.39 ETH,3868,0.12 ETH,10000,1214,12.14%,"1,153.75 ETH",2021/08/08,,,,
Wanna Panda,0.61 ETH,29,873.27 ETH,6599,0.02 ETH,10000,2871,28.71%,211.86 ETH,2021/10/09,,,,
Slumdoge Billionaires,0.75 ETH,30,873.17 ETH,7343,0.02 ETH,9997,2445,24.46%,246.49 ETH,2021/06/22,,,,
CanineCartel,0.36 ETH,28,860.15 ETH,7249,0.01 ETH,10000,4179,41.79%,127.38 ETH,2021/08/29,,,,
ETHEREALS WTF,1.58 ETH,95,843.92 ETH,7636,0.02 ETH,12345,4831,39.13%,205.38 ETH,2021/10/11,,,,
Crypto Corgis,5.08 ETH,33,841.74 ETH,4968,0.15 ETH,10000,4042,40.42%,"1,539.58 ETH",2021/08/17,,,,
ThorGuards,28.44 ETH,100,828.59 ETH,3093,0.28 ETH,9999,2854,28.54%,"2,844.11 ETH",2021/11/22,,,,
Arabian Camels,3.16 ETH,59,812.73 ETH,12397,0.05 ETH,12012,3062,25.49%,643.46 ETH,2021/06/03,,,,
Skvllpvnkz Hideout,13.08 ETH,129,806.37 ETH,7367,0.10 ETH,10000,3482,34.82%,"1,011.49 ETH",2021/09/14,,,,
Based Fish Mafia,7.92 ETH,121,796.95 ETH,7451,0.07 ETH,10000,2564,25.64%,654.24 ETH,2021/08/27,,,,
CryptoMutts,2.44 ETH,40,790.26 ETH,6071,0.06 ETH,10000,2197,21.97%,597.39 ETH,2021/10/19,,,,
Lysergic Labs Shroomz,0.23 ETH,17,782.56 ETH,5934,0.01 ETH,8590,3086,35.93%,117.33 ETH,2021/09/08,,,,
Ciphersquares Official,0.11 ETH,79,767.61 ETH,4193,0.00 ETH,3623,1217,33.59%,2.87 ETH,2021/08/22,,,,
Spookies NFT,0.33 ETH,28,756.86 ETH,7418,0.01 ETH,8888,2642,29.73%,104.34 ETH,2021/07/31,,,,
Superfuzz The Good Guys,0.59 ETH,30,747.20 ETH,6035,0.02 ETH,7650,3231,42.24%,151.06 ETH,2021/10/03,,,,
WE ARE THE OUTKAST,5.24 ETH,141,724.17 ETH,8142,0.04 ETH,10000,3691,36.91%,371.45 ETH,2021/10/07,,,,
Ethereans Official,5.63 ETH,58,722.97 ETH,4696,0.10 ETH,11000,2767,25.15%,"1,067.00 ETH",2021/09/09,,,,
Holy Cows,0.62 ETH,33,718.88 ETH,5166,0.02 ETH,5000,1716,34.32%,93.45 ETH,2021/09/18,,,,
Dreamloops,1.20 ETH,24,710.42 ETH,9055,0.05 ETH,9502,1875,19.73%,475.10 ETH,2021/06/15,,,,
Angry Boars,4.47 ETH,73,710.02 ETH,6922,0.06 ETH,10000,3432,34.32%,608.14 ETH,2021/09/23,,,,
The Ninja Hideout,0.69 ETH,27,702.91 ETH,6675,0.03 ETH,8885,3285,36.97%,226.04 ETH,2021/09/29,,,,
CryptoFighters,0.49 ETH,6,695.31 ETH,5758,0.08 ETH,4953,1289,26.02%,407.80 ETH,2021/08/27,,,,
TinyPaws,0.14 ETH,19,694.98 ETH,5076,0.01 ETH,5582,2386,42.74%,41.63 ETH,2021/10/07,,,,
Lumps World,0.95 ETH,1,683.61 ETH,1036,0.95 ETH,500,295,59.00%,475.00 ETH,2021/08/24,,,,
Doodled Punks (DUNKS),666.39 ETH,2363,666.39 ETH,2363,0.28 ETH,2500,1265,50.60%,705.03 ETH,2021/12/08,,,,
The Modz,6.91 ETH,107,660.41 ETH,6540,0.06 ETH,5463,2679,49.04%,351.74 ETH,2021/11/02,,,,
BearsOnTheBlock,1.80 ETH,47,656.34 ETH,4130,0.04 ETH,9495,3148,33.15%,360.85 ETH,2021/08/08,,,,
The Dreamers,6.56 ETH,128,654.16 ETH,5747,0.05 ETH,13615,4381,32.18%,691.98 ETH,2021/11/03,,,,
BroadcastersNFT,1.31 ETH,110,649.72 ETH,6340,0.01 ETH,7777,2568,33.02%,92.86 ETH,2021/09/25,,,,
SpaceBoysNFT,1.22 ETH,52,649.47 ETH,8824,0.02 ETH,8888,4459,50.17%,211.91 ETH,2021/10/04,,,,
Dark Horizon,1.36 ETH,65,647.78 ETH,5423,0.02 ETH,8686,3250,37.42%,181.87 ETH,2021/10/13,,,,
Genesis Blocks Art,0.01 ETH,2,640.66 ETH,3151,0.01 ETH,2500,1242,49.68%,18.63 ETH,2021/09/19,,,,
Gorilla Nemesis,0.74 ETH,16,639.52 ETH,4569,0.05 ETH,5000,1296,25.92%,233.97 ETH,2021/07/08,,,,
Notorious Frogs,3.82 ETH,49,628.94 ETH,3967,0.08 ETH,10000,2581,25.81%,779.57 ETH,2021/09/30,,,,
TheDiamondHands,1.24 ETH,90,628.68 ETH,5506,0.01 ETH,11111,2536,22.82%,149.60 ETH,2021/10/27,,,,
Sora's DreamworId,0.80 ETH,84,622.21 ETH,5742,0.01 ETH,10000,3933,39.33%,94.67 ETH,2021/10/16,,,,
Choadz,0.49 ETH,18,620.08 ETH,1907,0.03 ETH,4917,2336,47.51%,134.03 ETH,2021/10/28,,,,
Uncool Cats NFT,48.87 ETH,631,620.07 ETH,4992,0.08 ETH,6969,2416,34.67%,539.73 ETH,2021/11/30,,,,
EtherGals,1.06 ETH,23,615.70 ETH,5442,0.04 ETH,5536,2255,40.73%,237.56 ETH,2021/10/05,,,,
Untamed Elephants,1.14 ETH,31,612.41 ETH,8060,0.04 ETH,7500,2935,39.13%,276.51 ETH,2021/07/04,,,,
POW NFT,0.05 ETH,3,609.95 ETH,2309,0.02 ETH,5820,1714,29.45%,100.88 ETH,2021/07/13,,,,
Dizzy Dragons,0.90 ETH,19,603.68 ETH,5503,0.05 ETH,5593,2068,36.97%,264.34 ETH,2021/08/03,,,,
ApesOfSpace,35.44 ETH,417,592.10 ETH,9259,0.08 ETH,10000,4780,47.80%,849.83 ETH,2021/08/14,,,,
Barn Owlz,5.10 ETH,63,590.78 ETH,4873,0.08 ETH,3000,1239,41.30%,242.71 ETH,2021/07/26,,,,
Nobodyeth.art,2.04 ETH,40,580.27 ETH,3367,0.05 ETH,3210,1220,38.01%,159.11 ETH,2021/10/01,,,,
Tokenmon,0.00 ETH,5,578.07 ETH,5047,0.00 ETH,10419,2013,19.32%,8.54 ETH,2021/09/07,,,,
COOL DOGS Official,14.35 ETH,211,577.36 ETH,4312,0.07 ETH,5000,2381,47.62%,339.98 ETH,2021/12/06,,,,
CryptoTrunks,0.45 ETH,5,575.58 ETH,3092,0.08 ETH,23498,11599,49.36%,"1,832.84 ETH",2021/08/14,,,,
StripperVille NFTs,1.97 ETH,24,566.41 ETH,2918,0.08 ETH,3010,884,29.37%,247.07 ETH,2021/08/22,,,,
Cunning Foxes,0.44 ETH,19,553.95 ETH,13555,0.02 ETH,8864,3828,43.19%,205.17 ETH,2021/07/25,,,,
Lucky Sloths NFT,0.48 ETH,27,553.34 ETH,7049,0.02 ETH,2700,1255,46.48%,48.00 ETH,2021/10/11,,,,
STRAWBERRY.WTF,0.05 ETH,8,547.25 ETH,5288,0.01 ETH,9979,3279,32.86%,61.25 ETH,2021/07/06,,,,
Ninja Squad Official,11.63 ETH,173,543.08 ETH,4052,0.07 ETH,8888,3261,36.69%,597.25 ETH,2021/11/26,,,,
Save the Martians,0.74 ETH,50,531.74 ETH,10005,0.01 ETH,14282,3907,27.36%,212.09 ETH,2021/08/14,,,,
MetaTravelers: Nibiru,20.70 ETH,252,526.83 ETH,3728,0.08 ETH,7777,3219,41.39%,638.71 ETH,2021/11/30,,,,
Lamb Duhs,0.52 ETH,28,520.76 ETH,7189,0.02 ETH,8500,2624,30.87%,159.32 ETH,2021/08/23,,,,
NFTheo,0.49 ETH,26,520.46 ETH,2269,0.02 ETH,2948,1187,40.26%,55.33 ETH,2021/09/28,,,,
Lockdown Lemmings,0.19 ETH,18,518.84 ETH,7622,0.01 ETH,9997,3788,37.89%,107.13 ETH,2021/09/21,,,,
Lost Souls Sanctuary,0.35 ETH,16,514.70 ETH,4444,0.02 ETH,9998,1878,18.78%,220.21 ETH,2021/08/18,,,,
Bad Kids Alley Official,0.21 ETH,25,512.52 ETH,5061,0.01 ETH,8888,3246,36.52%,75.65 ETH,2021/09/20,,,,
OctoHedz Reloaded,2.24 ETH,62,511.68 ETH,3795,0.04 ETH,8001,1984,24.80%,288.99 ETH,2021/10/25,,,,
The WonderQuest,0.03 ETH,13,505.39 ETH,3920,0.00 ETH,10000,2741,27.41%,22.62 ETH,2021/08/14,,,,
Tie Dye Ninjas,0.55 ETH,18,491.42 ETH,4287,0.03 ETH,7777,2760,35.49%,227.05 ETH,2021/09/13,,,,
The Wicked Stallions,0.08 ETH,12,476.45 ETH,3909,0.01 ETH,9814,2849,29.03%,68.71 ETH,2021/08/05,,,,
CrazySkullzNFT,3.28 ETH,93,475.16 ETH,5162,0.04 ETH,10008,2871,28.69%,352.51 ETH,2021/10/15,,,,
Buzzed Bear Hideout,3.83 ETH,69,470.00 ETH,6290,0.06 ETH,9999,2567,25.67%,555.01 ETH,2021/08/12,,,,
Standametti,0.47 ETH,21,469.54 ETH,3411,0.02 ETH,4331,1807,41.72%,97.20 ETH,2021/11/10,,,,
Citizens of Bulliever Island,3.14 ETH,50,460.46 ETH,3695,0.06 ETH,10000,2271,22.71%,627.34 ETH,2021/08/13,,,,
Bear Market Bears,0.01 ETH,8,458.26 ETH,5943,0.00 ETH,9943,2960,29.77%,12.43 ETH,2021/10/05,,,,
Slacker Duck Pond,1.17 ETH,54,455.74 ETH,7270,0.02 ETH,6000,1940,32.33%,130.36 ETH,2021/06/26,,,,
Lostboy NFT,0.66 ETH,46,455.20 ETH,5721,0.01 ETH,10000,3730,37.30%,142.48 ETH,2021/08/26,,,,
HODL GANG,0.23 ETH,11,453.40 ETH,2922,0.02 ETH,3000,1026,34.20%,59.23 ETH,2021/08/07,,,,
Space Dinos Club,2.02 ETH,42,449.22 ETH,1970,0.05 ETH,9518,3913,41.11%,454.60 ETH,2021/09/13,,,,
HashGuise Gen One,0.05 ETH,15,439.10 ETH,3561,0.00 ETH,8767,2400,27.38%,28.31 ETH,2021/10/01,,,,
The BirdHouse,0.16 ETH,6,437.52 ETH,5406,0.03 ETH,5999,1972,32.87%,163.57 ETH,2021/08/15,,,,
AfroDroids By Owo,0.82 ETH,58,437.42 ETH,4794,0.01 ETH,12115,3536,29.19%,171.18 ETH,2021/09/08,,,,
PunkCats,0.63 ETH,6,435.05 ETH,1989,0.10 ETH,1000,459,45.90%,104.57 ETH,2021/08/05,,,,
Spunks,0.20 ETH,6,433.64 ETH,2001,0.03 ETH,10000,1192,11.92%,338.33 ETH,2021/06/30,,,,
Pixel Foxes Official,0.60 ETH,38,425.50 ETH,6356,0.02 ETH,10000,3216,32.16%,151.46 ETH,2021/10/16,,,,
BlazedCats,0.12 ETH,21,419.96 ETH,5536,0.01 ETH,9950,3176,31.92%,62.19 ETH,2021/07/28,,,,
Galactic Secret Agency,0.18 ETH,12,419.49 ETH,5831,0.02 ETH,9999,2564,25.64%,153.32 ETH,2021/07/20,,,,
Reb3l Bots,12.49 ETH,92,416.48 ETH,5742,0.14 ETH,10000,2651,26.51%,"1,365.56 ETH",2021/08/04,,,,
The CryptoMoms,3.34 ETH,52,409.75 ETH,1630,0.06 ETH,8785,7208,82.05%,563.49 ETH,2021/10/24,,,,
Cypher City,0.25 ETH,14,409.41 ETH,6035,0.02 ETH,8886,2626,29.55%,167.06 ETH,2021/07/26,,,,
Pirate Treasure BC,0.15 ETH,16,403.04 ETH,6507,0.01 ETH,4946,1648,33.32%,46.93 ETH,2021/06/17,,,,
Sewer Rat Social Club,0.67 ETH,14,400.10 ETH,5120,0.05 ETH,8888,2326,26.17%,425.10 ETH,2021/07/02,,,,
The WynLambo,2.83 ETH,64,398.87 ETH,3074,0.04 ETH,9999,2649,26.49%,421.30 ETH,2021/09/29,,,,
Sushiverse,0.69 ETH,26,390.69 ETH,4579,0.03 ETH,10000,3629,36.29%,264.62 ETH,2021/09/07,,,,
Primate Social Society Official,4.67 ETH,59,389.01 ETH,4549,0.08 ETH,10000,2492,24.92%,792.03 ETH,2021/09/25,,,,
PugFrens,0.05 ETH,20,385.20 ETH,5069,0.00 ETH,8787,3481,39.62%,21.53 ETH,2021/10/04,,,,
WeMint Washington,0.31 ETH,40,384.90 ETH,6634,0.01 ETH,10000,3633,36.33%,76.50 ETH,2021/11/19,,,,
Baby Combat Bots G1,0.00 ETH,6,367.21 ETH,2540,0.00 ETH,3498,1412,40.37%,0.00 ETH,2021/08/31,,,,
Chubbiverse Frens,6.39 ETH,93,367.16 ETH,2821,0.07 ETH,8888,2230,25.09%,600.94 ETH,2021/11/23,,,,
RichKidsOfficial,0.38 ETH,23,366.64 ETH,3609,0.02 ETH,7389,3096,41.90%,112.39 ETH,2021/10/06,,,,
Mutant-Gorillas,5.24 ETH,126,366.21 ETH,2752,0.04 ETH,8903,1428,16.04%,369.92 ETH,2021/11/29,,,,
Stoned Apez Saturn Club,3.09 ETH,119,363.51 ETH,4399,0.03 ETH,6969,2141,30.72%,180.69 ETH,2021/10/27,,,,
Boring Bananas Co.,0.11 ETH,13,360.75 ETH,8692,0.01 ETH,8888,2177,24.49%,93.44 ETH,2021/06/30,,,,
Epic Eagles,0.93 ETH,49,354.25 ETH,7066,0.02 ETH,7676,3595,46.83%,145.97 ETH,2021/09/28,,,,
Ethalien,9.39 ETH,202,352.75 ETH,4701,0.05 ETH,7500,1619,21.59%,348.76 ETH,2021/10/16,,,,
PPPandas,0.19 ETH,17,351.60 ETH,3675,0.01 ETH,3999,1239,30.98%,43.82 ETH,2021/10/09,,,,
IMMORTALZ - Ambary Assassins,4.47 ETH,46,348.98 ETH,2511,0.10 ETH,4517,1913,42.35%,437.69 ETH,2021/12/08,,,,
Sneaky Bat Syndicate,3.86 ETH,56,348.77 ETH,1752,0.07 ETH,8293,2280,27.49%,582.14 ETH,2021/10/28,,,,
The League Of Sacred Devils,0.04 ETH,9,348.21 ETH,2798,0.01 ETH,10000,3649,36.49%,70.60 ETH,2021/09/10,,,,
Lazy Lions Bungalows,5.17 ETH,83,345.46 ETH,2098,0.06 ETH,10261,4171,40.65%,638.75 ETH,2021/10/20,,,,
Badass Bulls,0.33 ETH,9,341.71 ETH,3594,0.04 ETH,2222,1016,45.72%,82.68 ETH,2021/08/28,,,,
Basement Dwellers,0.39 ETH,50,338.63 ETH,3752,0.01 ETH,9851,3415,34.67%,76.79 ETH,2021/10/16,,,,
Misfit University,0.04 ETH,14,336.86 ETH,5549,0.00 ETH,10000,2384,23.84%,26.75 ETH,2021/07/15,,,,
Goblin Goons,0.05 ETH,3,330.84 ETH,5099,0.02 ETH,4713,1351,28.67%,73.05 ETH,2021/07/19,,,,
Infinity Frogs NFT,0.38 ETH,22,329.28 ETH,3692,0.02 ETH,10000,3783,37.83%,171.77 ETH,2021/10/12,,,,
Lobby Lobsters,0.13 ETH,21,326.52 ETH,2495,0.01 ETH,10000,2476,24.76%,60.09 ETH,2021/09/13,,,,
Lucha Libre Knockout,0.93 ETH,40,321.50 ETH,5739,0.02 ETH,10000,2998,29.98%,231.80 ETH,2021/08/11,,,,
Chads NFT,2.09 ETH,20,310.57 ETH,4658,0.10 ETH,10000,2324,23.24%,"1,046.95 ETH",2021/08/28,,,,
Dapper Dinos Karma Collective,1.68 ETH,4,308.73 ETH,224,0.42 ETH,555,468,84.32%,233.10 ETH,2021/10/27,,,,
Raccoon Mafia,0.11 ETH,9,303.48 ETH,2769,0.01 ETH,3331,1497,44.94%,38.21 ETH,2021/09/01,,,,
Rabbit College Club,0.04 ETH,8,303.45 ETH,6109,0.00 ETH,10000,2129,21.29%,49.38 ETH,2021/07/18,,,,
Goat Soup by Andy Milonakis,157.14 ETH,1005,302.50 ETH,2087,0.16 ETH,3744,2382,63.62%,585.42 ETH,2021/12/03,,,,
DropBears NFT,1.73 ETH,44,299.09 ETH,4736,0.04 ETH,10000,3969,39.69%,392.89 ETH,2021/08/31,,,,
Animathereum,0 ETH,3,298.73 ETH,4425,0 ETH,9999,2208,22.08%,0 ETH,2021/09/30,,,,
Nice Drips,0.04 ETH,18,297.80 ETH,5673,0.00 ETH,11111,2986,26.87%,26.54 ETH,2021/08/07,,,,
CleverGirls NFT,7.00 ETH,188,295.39 ETH,3221,0.04 ETH,5555,2001,36.02%,206.76 ETH,2021/09/15,,,,
Gator World NFT,0.27 ETH,7,293.27 ETH,5713,0.04 ETH,3010,1271,42.23%,117.39 ETH,2021/10/12,,,,
Mad Banana Union,0.17 ETH,12,292.50 ETH,3099,0.01 ETH,6969,2300,33.00%,96.98 ETH,2021/08/26,,,,
Rare Ghost Club (RGC),17.50 ETH,116,291.36 ETH,1713,0.15 ETH,5006,2404,48.02%,755.36 ETH,2021/11/05,,,,
Kamagang,0.48 ETH,7,285.55 ETH,2232,0.07 ETH,3163,1173,37.09%,214.63 ETH,2021/07/24,,,,
Voxel Ville Official,32.78 ETH,188,285.25 ETH,1630,0.17 ETH,2250,1032,45.87%,392.29 ETH,2021/11/30,,,,
PixaWizards,0 ETH,0,282.09 ETH,1261,0 ETH,1000,493,49.30%,0 ETH,2021/10/22,,,,
The NFTBirds,0.70 ETH,8,280.10 ETH,2009,0.09 ETH,1499,700,46.70%,130.79 ETH,2021/10/14,,,,
MutantKongz,0.80 ETH,1,278.57 ETH,1060,0.80 ETH,500,181,36.20%,400.00 ETH,2021/09/24,,,,
Superfuzz The Bad Batch,0.21 ETH,2,276.34 ETH,683,0.11 ETH,777,490,63.06%,81.59 ETH,2021/10/05,,,,
Bored Mummy Baby Waking Up,2.38 ETH,33,273.12 ETH,1910,0.07 ETH,3888,2602,66.92%,280.85 ETH,2021/08/27,,,,
Osiris Cosmic Kids,0.75 ETH,20,273.05 ETH,3812,0.04 ETH,9999,2630,26.30%,373.96 ETH,2021/08/12,,,,
The KittyButts,0.34 ETH,12,272.84 ETH,5506,0.03 ETH,10000,2631,26.31%,283.67 ETH,2021/08/06,,,,
Two Bit Bears,2.11 ETH,73,271.94 ETH,3271,0.03 ETH,5000,1595,31.90%,144.52 ETH,2021/10/28,,,,
Hewer Clan,0.01 ETH,9,271.25 ETH,3923,0.00 ETH,9999,2823,28.23%,13.33 ETH,2021/08/29,,,,
Raccoon Secret Society,0.02 ETH,3,271.07 ETH,4652,0.01 ETH,10000,3113,31.13%,50.00 ETH,2021/08/29,,,,
Monas,0.90 ETH,15,269.86 ETH,4447,0.06 ETH,5002,1925,38.48%,300.75 ETH,2021/08/14,,,,
Ape Harbour Yachts,2.80 ETH,43,267.67 ETH,3665,0.07 ETH,7776,2416,31.07%,512.83 ETH,2021/07/26,,,,
Rickstro Frens,0.04 ETH,4,266.15 ETH,1965,0.01 ETH,9200,2333,25.36%,73.60 ETH,2021/08/28,,,,
HDPunks,0.54 ETH,11,262.59 ETH,8755,0.05 ETH,10000,1131,11.31%,494.45 ETH,2021/08/09,,,,
Qubits On The Ice,0.05 ETH,14,256.50 ETH,3823,0.01 ETH,9999,2493,24.93%,72.62 ETH,2021/07/23,,,,
Animal Society,1.51 ETH,73,255.27 ETH,3181,0.02 ETH,7777,3636,46.75%,160.70 ETH,2021/11/06,,,,
Mighty Manateez,1.50 ETH,63,254.22 ETH,6046,0.02 ETH,10000,2475,24.75%,238.82 ETH,2021/09/20,,,,
Froggies Beginnings,0.09 ETH,5,250.37 ETH,2841,0.02 ETH,4096,1586,38.72%,93.76 ETH,2021/10/14,,,,
Blob Mob,0.17 ETH,4,249.84 ETH,2329,0.04 ETH,939,505,53.78%,39.90 ETH,2021/07/02,,,,
GalaXY Kats Universe,28.82 ETH,226,248.63 ETH,1501,0.13 ETH,10000,2930,29.30%,"1,268.24 ETH",2021/12/02,,,,
HatchDracoNFT,0.00 ETH,1,246.74 ETH,2537,0.00 ETH,8050,1627,20.21%,15.30 ETH,2021/09/20,,,,
Outlaw Gals MC,0.34 ETH,34,243.67 ETH,3186,0.01 ETH,6000,1783,29.72%,59.70 ETH,2021/10/19,,,,
astroGems,0.04 ETH,1,242.88 ETH,2427,0.04 ETH,1074,475,44.23%,40.28 ETH,2021/10/17,,,,
PunkBabies,0.08 ETH,4,241.60 ETH,7172,0.02 ETH,3901,954,24.46%,81.58 ETH,2021/06/15,,,,
Degen'$ Farm,0 ETH,0,237.91 ETH,647,0 ETH,957,192,20.06%,0 ETH,2021/07/22,,,,
Neon Junkies,0.01 ETH,13,230.85 ETH,3511,0.00 ETH,9130,2854,31.26%,3.96 ETH,2021/09/07,,,,
FullBodyApeClub,13.99 ETH,78,229.48 ETH,736,0.18 ETH,1111,514,46.26%,199.32 ETH,2021/12/05,,,,
Sleeper Hits Collection Volume 1 NFT Cribs,0.00 ETH,3,228.47 ETH,1192,0.00 ETH,5555,1928,34.71%,0.00 ETH,2021/09/24,,,,
Starlink PixelNauts,15.64 ETH,161,227.60 ETH,1267,0.10 ETH,10000,1579,15.79%,957.82 ETH,2021/11/23,,,,
DSC eMATES | 4 DA NXT LV,76.22 ETH,870,224.09 ETH,1716,0.09 ETH,6800,1378,20.26%,597.02 ETH,2021/12/01,,,,
Mr. Bojangles - Sleepy Sloth,0 ETH,0,223.91 ETH,1229,0.01 ETH,1180,508,43.05%,5.90 ETH,2021/10/17,,,,
Unstable Horses Yard,0.45 ETH,30,215.28 ETH,3788,0.02 ETH,9999,2868,28.68%,150.26 ETH,2021/08/20,,,,
The SneakerHeadz Society,0.75 ETH,39,214.84 ETH,2071,0.02 ETH,4445,1196,26.91%,85.14 ETH,2021/10/17,,,,
COSMIC COWGIRLS: NFT,7.04 ETH,141,213.71 ETH,2607,0.05 ETH,6969,2194,31.48%,347.99 ETH,2021/11/09,,,,
Lazy Bunny NFT,44.90 ETH,385,211.61 ETH,1454,0.12 ETH,5555,2801,50.42%,647.77 ETH,2021/11/24,,,,
Bushidos,2.65 ETH,49,210.07 ETH,1942,0.05 ETH,8888,2798,31.48%,452.15 ETH,2021/11/03,,,,
Cyber Hornets Colony Club,4.63 ETH,58,209.80 ETH,2320,0.08 ETH,8888,2091,23.53%,704.83 ETH,2021/10/14,,,,
Official DogeX,0.30 ETH,8,207.67 ETH,1597,0.04 ETH,9999,2491,24.91%,372.34 ETH,2021/09/13,,,,
Maneki Gang,0.39 ETH,16,207.40 ETH,2218,0.02 ETH,11358,2211,19.47%,277.56 ETH,2021/08/30,,,,
Mad Cat Militia,0.05 ETH,6,207.34 ETH,3261,0.01 ETH,8271,2157,26.08%,67.62 ETH,2021/07/27,,,,
CryptoSkulls,0.27 ETH,8,206.06 ETH,3622,0.03 ETH,9997,1201,12.01%,337.40 ETH,2021/08/05,,,,
Unusual Whales,0.77 ETH,32,204.25 ETH,2742,0.02 ETH,6969,2899,41.60%,168.67 ETH,2021/09/15,,,,
Wicked Monsters,1.81 ETH,26,203.60 ETH,925,0.07 ETH,4326,2154,49.79%,305.72 ETH,2021/11/17,,,,
Frogs In Disguise,0.07 ETH,4,202.72 ETH,2671,0.02 ETH,10005,3188,31.86%,172.59 ETH,2021/09/21,,,,
The Shark Cove,0.60 ETH,9,202.59 ETH,2520,0.07 ETH,2913,969,33.26%,193.39 ETH,2021/08/26,,,,
Skullx,2.83 ETH,71,202.43 ETH,1406,0.04 ETH,10000,2627,26.27%,398.06 ETH,2021/11/22,,,,
DJENERATES,1.21 ETH,33,199.19 ETH,1570,0.04 ETH,10000,1776,17.76%,365.76 ETH,2021/08/30,,,,
Bones Club Heritage,0.26 ETH,4,195.88 ETH,2190,0.07 ETH,1010,580,57.43%,72.14 ETH,2021/09/19,,,,
SportsIcon Lion Club,3.15 ETH,76,191.11 ETH,2494,0.04 ETH,9000,2754,30.60%,373.01 ETH,2021/08/25,,,,
MUTANT PUNKS CITY,9.53 ETH,136,181.87 ETH,1390,0.07 ETH,3608,1718,47.62%,252.79 ETH,2021/12/05,,,,
Mini Monkey Mafia,0.05 ETH,11,177.85 ETH,3465,0.00 ETH,5000,1734,34.68%,21.82 ETH,2021/09/24,,,,
HypeHippo.io,0.02 ETH,6,177.43 ETH,2486,0.00 ETH,10000,3643,36.43%,27.70 ETH,2021/09/01,,,,
Re-Genz,0.08 ETH,6,177.11 ETH,695,0.01 ETH,2538,971,38.26%,34.14 ETH,2021/08/26,,,,
Hammys,6.81 ETH,68,175.17 ETH,1541,0.10 ETH,1000,425,42.50%,100.18 ETH,2021/12/07,,,,
Penguin Fight Club,1.84 ETH,58,172.95 ETH,2505,0.03 ETH,10000,3210,32.10%,316.40 ETH,2021/09/25,,,,
DeepSeaJelly,0.01 ETH,5,172.80 ETH,3818,0.00 ETH,9970,6978,69.99%,26.32 ETH,2021/10/02,,,,
Gods Of Rock,4.31 ETH,72,172.27 ETH,1767,0.06 ETH,7525,2397,31.85%,450.83 ETH,2021/10/13,,,,
Fxck Face,0.03 ETH,3,172.02 ETH,7472,0.01 ETH,5328,1844,34.61%,65.00 ETH,2021/11/03,,,,
GRAYCRAFT2,11.28 ETH,112,170.54 ETH,1955,0.10 ETH,5200,1567,30.13%,523.56 ETH,2021/08/26,,,,
isotile Genesis Avatars,1.62 ETH,37,168.61 ETH,1337,0.04 ETH,7587,1252,16.50%,332.04 ETH,2021/12/08,,,,
Panda Dynasty,3.43 ETH,102,167.90 ETH,2948,0.03 ETH,8888,3501,39.39%,298.60 ETH,2021/09/08,,,,
vEmpire - The Founding Soldiers,1.00 ETH,2,164.06 ETH,417,0.50 ETH,562,122,21.71%,281.00 ETH,2021/11/23,,,,
Deadbears Official,0.38 ETH,21,162.69 ETH,2768,0.02 ETH,10000,2182,21.82%,178.90 ETH,2021/08/16,,,,
The Fuckin' Trolls,0.00 ETH,2,160.72 ETH,3920,0.00 ETH,10003,2039,20.38%,0.05 ETH,2021/08/27,,,,
The Street Dawgs,1.10 ETH,24,154.84 ETH,1197,0.05 ETH,3086,958,31.04%,141.06 ETH,2021/09/29,,,,
Mighty Baby Dragons,0.01 ETH,8,154.23 ETH,2931,0.00 ETH,10000,2153,21.53%,13.31 ETH,2021/10/08,,,,
SatoshiFaces,0 ETH,0,153.46 ETH,813,0.03 ETH,3647,806,22.10%,109.41 ETH,2021/06/06,,,,
Keplers Civil Society,0.01 ETH,11,151.61 ETH,2555,0.00 ETH,7776,1964,25.26%,3.71 ETH,2021/08/30,,,,
Metaverse Travel Agency (M.T.A.),3.03 ETH,41,150.80 ETH,1380,0.07 ETH,5669,2753,48.56%,410.11 ETH,2021/10/17,,,,
DEMONZv1,0.34 ETH,11,150.42 ETH,1682,0.03 ETH,6967,1846,26.50%,217.24 ETH,2021/09/07,,,,
Procedural Space,0.00 ETH,2,150.10 ETH,2004,0.01 ETH,10000,1465,14.65%,60.00 ETH,2021/08/10,,,,
Royal Ceramic Club,0 ETH,1,150.00 ETH,1512,0 ETH,5000,2123,42.46%,0 ETH,2021/10/06,,,,
Guppy Gang,17.62 ETH,143,148.71 ETH,1097,0.12 ETH,8001,1849,23.11%,986.00 ETH,2021/12/09,,,,
KidPunks,0.10 ETH,2,147.38 ETH,1492,0.05 ETH,999,285,28.53%,49.95 ETH,2021/08/23,,,,
Encryptas,0.51 ETH,25,147.35 ETH,2091,0.02 ETH,10000,3078,30.78%,204.36 ETH,2021/09/30,,,,
SVINS,1.01 ETH,5,146.87 ETH,1168,0.15 ETH,711,296,41.63%,103.31 ETH,2021/07/13,,,,
Crazy Panthers Party,0.03 ETH,7,145.76 ETH,1669,0.00 ETH,3333,1066,31.98%,12.74 ETH,2021/10/22,,,,
Reckless Whales,0.02 ETH,25,145.60 ETH,4273,0.00 ETH,9944,2064,20.76%,7.46 ETH,2021/07/22,,,,
BLU Blox,0.43 ETH,12,144.77 ETH,1238,0.04 ETH,10000,3725,37.25%,359.50 ETH,2021/09/26,,,,
Soccer Doge Club,2.26 ETH,40,143.96 ETH,2399,0.06 ETH,9782,1737,17.76%,553.17 ETH,2021/08/30,,,,
Top Cat Beach Club,1.05 ETH,27,142.67 ETH,1051,0.05 ETH,6872,2082,30.30%,317.06 ETH,2021/10/01,,,,
Degen Gang,0.41 ETH,21,138.24 ETH,1628,0.02 ETH,7000,2173,31.04%,135.63 ETH,2021/09/24,,,,
ArcadeNFT - ToadRunnerz,0.44 ETH,19,136.46 ETH,1083,0.02 ETH,4777,3253,68.10%,111.63 ETH,2021/11/22,,,,
Polar Pals Bobsledding,0.02 ETH,2,135.49 ETH,1738,0.01 ETH,4154,1125,27.08%,39.46 ETH,2021/09/09,,,,
Bit Wine,0.09 ETH,3,133.52 ETH,868,0.03 ETH,1000,314,31.40%,31.33 ETH,2021/09/24,,,,
MonkePunks,0.34 ETH,8,133.04 ETH,1622,0.04 ETH,999,578,57.86%,42.42 ETH,2021/10/28,,,,
The 4001 Project,0.01 ETH,3,131.74 ETH,1962,0.00 ETH,3988,908,22.77%,12.63 ETH,2021/08/11,,,,
Absurd Arboretum,0.26 ETH,3,127.54 ETH,1299,0.09 ETH,2838,943,33.23%,245.96 ETH,2021/08/09,,,,
MissCryptoClub,0.10 ETH,5,124.41 ETH,2003,0.02 ETH,3144,1157,36.80%,59.74 ETH,2021/08/24,,,,
Merry Modz,21.51 ETH,105,121.34 ETH,725,0.20 ETH,10000,2929,29.29%,"2,042.28 ETH",2021/11/30,,,,
PandaParadise,2.78 ETH,79,118.91 ETH,1716,0.04 ETH,8888,2583,29.06%,312.99 ETH,2021/11/04,,,,
Slimes World,0.68 ETH,7,114.59 ETH,810,0.10 ETH,1000,248,24.80%,96.86 ETH,2021/10/26,,,,
Platy Punks - Official,3.22 ETH,40,112.95 ETH,2638,0.08 ETH,3570,932,26.11%,286.94 ETH,2021/11/03,,,,
BrokeBoyz,2.03 ETH,43,112.90 ETH,1250,0.05 ETH,5798,1853,31.96%,273.73 ETH,2021/12/02,,,,
Criminal Donkeys,0.89 ETH,19,112.29 ETH,2474,0.05 ETH,9945,946,9.51%,464.61 ETH,2021/08/06,,,,
Monster Rehab,0.01 ETH,1,110.69 ETH,1697,0.01 ETH,5365,1629,30.36%,69.74 ETH,2021/07/13,,,,
Beatnik Tiki Tribe,0.19 ETH,14,108.10 ETH,1700,0.01 ETH,4998,1606,32.13%,68.94 ETH,2021/10/02,,,,
Cool Kitty NFT,0.38 ETH,14,107.39 ETH,2433,0.03 ETH,3852,1154,29.96%,103.65 ETH,2021/10/30,,,,
Song A Day,0 ETH,0,105.33 ETH,819,0.35 ETH,738,315,42.68%,258.30 ETH,2021/06/05,,,,
Cybergirl Fashion,0.32 ETH,2,104.48 ETH,1538,0.15 ETH,3330,506,15.20%,512.82 ETH,2021/09/27,,,,
AiVATAR,0.71 ETH,19,102.39 ETH,1622,0.04 ETH,6000,1583,26.38%,217.68 ETH,2021/10/23,,,,
Paradise Trippies,91.25 ETH,702,101.89 ETH,809,0.13 ETH,7475,1638,21.91%,971.66 ETH,2021/12/06,,,,
Royal Society Chips,2.76 ETH,13,100.18 ETH,691,0.21 ETH,10000,1235,12.35%,"2,126.35 ETH",2021/09/25,,,,
Niftyriots,0.05 ETH,8,99.38 ETH,1705,0.01 ETH,5532,1634,29.54%,35.61 ETH,2021/09/29,,,,
ORCZ!,0.01 ETH,2,97.14 ETH,1300,0.01 ETH,8793,2895,32.92%,46.16 ETH,2021/09/02,,,,
Catshit Crazy,0 ETH,0,96.50 ETH,1184,0 ETH,10069,2544,25.27%,0 ETH,2021/08/28,,,,
Floyds World,0.06 ETH,26,96.34 ETH,975,0.00 ETH,9941,1594,16.03%,26.00 ETH,2021/08/30,,,,
BullsOnTheBlock Evo,4.50 ETH,27,95.01 ETH,462,0.17 ETH,5573,1761,31.60%,928.63 ETH,2021/10/18,,,,
Cute Pig Club,0.04 ETH,18,94.29 ETH,2663,0.00 ETH,10000,2107,21.07%,20.84 ETH,2021/08/10,,,,
MeowBits Collection,0.10 ETH,1,92.62 ETH,323,0.10 ETH,209,71,33.97%,20.90 ETH,2021/06/28,,,,
Crumbys Bakery,0.15 ETH,3,90.37 ETH,1196,0.05 ETH,1000,356,35.60%,48.50 ETH,2021/07/16,,,,
RagingRhinos,0.07 ETH,10,83.00 ETH,2264,0.01 ETH,5000,1552,31.04%,33.95 ETH,2021/08/16,,,,
Fine-Ass CryptoApes (FACA),0.08 ETH,3,81.55 ETH,588,0.03 ETH,1793,645,35.97%,50.80 ETH,2021/09/21,,,,
INVADERS (ALIEN),0.02 ETH,1,81.15 ETH,1446,0.04 ETH,8663,980,11.31%,307.54 ETH,2021/10/12,,,,
Bones & Bananas,0.01 ETH,3,80.55 ETH,2107,0.00 ETH,10000,6869,68.69%,26.33 ETH,2021/07/23,,,,
Chibi Galaxy,3.42 ETH,55,80.23 ETH,701,0.06 ETH,3500,1620,46.29%,217.36 ETH,2021/11/24,,,,
Panda Golf Squad,0.07 ETH,5,79.45 ETH,1390,0.01 ETH,3220,1076,33.42%,41.86 ETH,2021/06/30,,,,
Wixa,0 ETH,0,78.79 ETH,1493,0 ETH,7772,1392,17.91%,0 ETH,2021/10/20,,,,
KBOT_FACTORY,0.00 ETH,5,77.97 ETH,1477,0.00 ETH,3999,899,22.48%,0.00 ETH,2021/10/20,,,,
Crazy Dragon Corps,0.16 ETH,4,77.63 ETH,234,0.04 ETH,1239,611,49.31%,50.80 ETH,2021/09/20,,,,
Delisted Tiny Punks,0.01 ETH,1,77.57 ETH,1026,0.01 ETH,1009,354,35.08%,14.03 ETH,2021/10/12,,,,
Creative Art Quest Raining Pixels,0 ETH,0,75.56 ETH,455,0.00 ETH,208,151,72.60%,0.00 ETH,2021/08/23,,,,
Bullish Llama,0.03 ETH,5,74.73 ETH,852,0.01 ETH,3696,1552,41.99%,24.39 ETH,2021/09/30,,,,
Lady KILLAz,0.24 ETH,16,74.72 ETH,1099,0.02 ETH,9971,3187,31.96%,151.37 ETH,2021/10/03,,,,
Starchain Official,0 ETH,0,74.01 ETH,1284,0 ETH,10000,985,9.85%,0 ETH,2021/08/27,,,,
Diamond Crypto Dunks,4.35 ETH,55,73.23 ETH,691,0.08 ETH,4200,1600,38.10%,332.56 ETH,2021/11/11,,,,
RealCryptoPunks,0.71 ETH,2,69.11 ETH,1128,0.35 ETH,4985,807,16.19%,"1,767.18 ETH",2021/07/06,,,,
Punkachus,0.09 ETH,17,67.58 ETH,1433,0.01 ETH,2900,1404,48.41%,15.30 ETH,2021/10/20,,,,
Bearseum Collection,0.39 ETH,21,65.86 ETH,576,0.02 ETH,5000,1350,27.00%,92.45 ETH,2021/10/28,,,,
Kuddle Koalas,0.03 ETH,24,64.57 ETH,1616,0.00 ETH,7497,1879,25.06%,10.38 ETH,2021/11/03,,,,
Chunky Cow Club,0.01 ETH,1,63.63 ETH,2426,0.01 ETH,5000,1354,27.08%,50.00 ETH,2021/08/12,,,,
Farmers Marketverse Patrons,0.33 ETH,13,62.77 ETH,1109,0.02 ETH,5000,1510,30.20%,115.92 ETH,2021/09/26,,,,
Approving Corgis,0.32 ETH,26,62.71 ETH,1181,0.01 ETH,4705,1536,32.65%,58.56 ETH,2021/10/14,,,,
The CryptoSaints,0.05 ETH,2,62.30 ETH,433,0.02 ETH,2130,730,34.27%,49.95 ETH,2021/08/24,,,,
PORK1984,2.22 ETH,32,60.34 ETH,1148,0.07 ETH,6815,2319,34.03%,473.06 ETH,2021/08/08,,,,
Dead Devil Society,0.17 ETH,24,58.61 ETH,1160,0.01 ETH,5000,1197,23.94%,36.00 ETH,2021/10/19,,,,
Angels of Aether,0.27 ETH,7,58.60 ETH,611,0.04 ETH,2870,930,32.40%,108.65 ETH,2021/08/02,,,,
Space Bears Official,0.45 ETH,17,58.54 ETH,1187,0.03 ETH,1003,440,43.87%,26.82 ETH,2021/11/26,,,,
Crypto Ghosts NFT,0.00 ETH,2,58.32 ETH,1110,0.00 ETH,9844,2908,29.54%,7.38 ETH,2021/08/29,,,,
SamuraiDoge,0.81 ETH,17,56.41 ETH,865,0.05 ETH,5031,1581,31.43%,238.96 ETH,2021/10/25,,,,
Pepper Attack,0.02 ETH,1,56.10 ETH,873,0.02 ETH,6626,1259,19.00%,99.39 ETH,2021/08/01,,,,
Angry Meerkats,6.09 ETH,87,55.95 ETH,712,0.07 ETH,7631,2116,27.73%,534.30 ETH,2021/11/08,,,,
Etheremura,0 ETH,0,55.87 ETH,553,0.02 ETH,3167,979,30.91%,60.17 ETH,2021/08/06,,,,
FUD Monsters,0 ETH,0,55.47 ETH,1406,0 ETH,6803,2306,33.90%,0 ETH,2021/08/28,,,,
We are Dorkis,0.53 ETH,21,54.95 ETH,679,0.03 ETH,4721,1164,24.66%,118.79 ETH,2021/09/28,,,,
Art Stars Club Official,0.01 ETH,8,54.02 ETH,890,0.00 ETH,3853,1431,37.14%,4.77 ETH,2021/08/15,,,,
PyMons,0.03 ETH,2,53.77 ETH,1462,0.01 ETH,11111,1682,15.14%,138.89 ETH,2021/09/10,,,,
Chihuahua Gang,0.06 ETH,1,53.36 ETH,679,0.06 ETH,500,188,37.60%,27.50 ETH,2021/07/17,,,,
NFTLions,1.49 ETH,1,52.90 ETH,136,1.49 ETH,101,73,72.28%,150.49 ETH,2021/07/19,,,,
BoringStone Genesis Collection,0.47 ETH,29,52.80 ETH,1067,0.02 ETH,10000,2923,29.23%,162.45 ETH,2021/10/12,,,,
The MonstroCities,0.03 ETH,1,52.15 ETH,688,0.02 ETH,2648,723,27.30%,61.79 ETH,2021/07/12,,,,
GAWDS,1.89 ETH,34,49.69 ETH,607,0.06 ETH,4705,1338,28.44%,261.27 ETH,2021/10/22,,,,
Devious Demon Dudes,0.02 ETH,1,48.53 ETH,585,0.02 ETH,2825,771,27.29%,56.50 ETH,2021/08/22,,,,
Naughty Tigers Costume Club,0.01 ETH,1,47.58 ETH,1528,0.01 ETH,10000,2118,21.18%,50.00 ETH,2021/09/10,,,,
RUUMZ,0.01 ETH,1,46.27 ETH,726,0.01 ETH,3560,1162,32.64%,26.70 ETH,2021/07/31,,,,
The DeFi Rangers,0.13 ETH,3,46.13 ETH,403,0.04 ETH,1902,642,33.75%,84.32 ETH,2021/10/12,,,,
Crazy Crows Chess Club,0.14 ETH,7,44.67 ETH,1192,0.02 ETH,8192,1936,23.63%,168.52 ETH,2021/08/23,,,,
Nice Fun Zombies,4.60 ETH,134,43.45 ETH,922,0.03 ETH,4592,1087,23.67%,157.54 ETH,2021/12/04,,,,
Rebel Kids,0.33 ETH,25,43.26 ETH,725,0.01 ETH,3333,1347,40.41%,43.45 ETH,2021/08/28,,,,
Good Guys NFT,0.08 ETH,3,42.53 ETH,942,0.03 ETH,5712,1462,25.60%,146.42 ETH,2021/10/20,,,,
Trollz,0.02 ETH,2,42.42 ETH,336,0.01 ETH,1005,389,38.71%,8.04 ETH,2021/10/19,,,,
Great Genesis Gorillas,0.23 ETH,15,40.48 ETH,512,0.02 ETH,2000,593,29.65%,30.00 ETH,2021/10/20,,,,
NOOBS NFT,0 ETH,0,39.20 ETH,872,0 ETH,5150,1006,19.53%,0 ETH,2021/09/17,,,,
CryptoFoxes Origins,3.38 ETH,6,37.58 ETH,64,0.56 ETH,796,379,47.61%,448.68 ETH,2021/11/30,,,,
SpaceShibas,0.01 ETH,2,36.12 ETH,749,0.01 ETH,5141,1052,20.46%,25.71 ETH,2021/07/19,,,,
Shiba Society,0.32 ETH,10,35.67 ETH,769,0.03 ETH,2002,670,33.47%,63.44 ETH,2021/08/21,,,,
Degenerated: High Flyers,1.65 ETH,8,35.36 ETH,1843,0.21 ETH,6969,1076,15.44%,"1,433.78 ETH",2021/08/29,,,,
Deebies,0.07 ETH,3,35.27 ETH,338,0.02 ETH,2640,1044,39.55%,61.60 ETH,2021/08/11,,,,
United Punks Union,0.06 ETH,7,34.72 ETH,514,0.01 ETH,3618,1173,32.42%,28.43 ETH,2021/08/05,,,,
TheTigersGuild,0.06 ETH,2,32.45 ETH,578,0.03 ETH,2675,880,32.90%,83.59 ETH,2021/07/17,,,,
Lonely Planet Space Observatory,0.22 ETH,3,32.32 ETH,507,0.07 ETH,4836,2371,49.03%,361.89 ETH,2021/09/29,,,,
Bunker Beasts,0.10 ETH,10,32.29 ETH,574,0.01 ETH,3910,842,21.53%,37.54 ETH,2021/09/07,,,,
Metti Landscape,0.25 ETH,5,30.95 ETH,236,0.04 ETH,1920,643,33.49%,78.72 ETH,2021/12/01,,,,
SingularityHeroes,0 ETH,0,30.69 ETH,505,0 ETH,1882,659,35.02%,0 ETH,2021/07/22,,,,
Minimints,0 ETH,0,30.54 ETH,939,0 ETH,10000,625,6.25%,0 ETH,2021/09/19,,,,
Wannabes Music Club,0.02 ETH,1,30.25 ETH,568,0.02 ETH,2343,843,35.98%,43.73 ETH,2021/08/07,,,,
Potato Power Club,0.23 ETH,15,29.66 ETH,759,0.02 ETH,4329,1128,26.06%,64.94 ETH,2021/12/03,,,,
Baby Apes Rescue (BAR),0.16 ETH,5,29.47 ETH,383,0.03 ETH,2500,989,39.56%,81.00 ETH,2021/11/01,,,,
The WolfGang,7.41 ETH,225,28.20 ETH,964,0.03 ETH,9965,3547,35.59%,327.98 ETH,2021/07/27,,,,
M101 Shelter Survivors,6.34 ETH,87,28.14 ETH,320,0.07 ETH,2408,910,37.79%,175.52 ETH,2021/12/08,,,,
Crypto Tuners,0.00 ETH,2,28.00 ETH,868,0.00 ETH,5000,1272,25.44%,5.00 ETH,2021/08/27,,,,
Muttniks,0.03 ETH,3,27.05 ETH,236,0.01 ETH,1070,446,41.68%,10.70 ETH,2021/07/24,,,,
The Wild Ape Gang - Official,7.65 ETH,110,26.57 ETH,295,0.07 ETH,2513,1380,54.91%,172.37 ETH,2021/12/02,,,,
Sonar Moji,1.05 ETH,4,26.44 ETH,208,0.26 ETH,3372,937,27.79%,884.31 ETH,2021/11/12,,,,
CyberPunkA12,0.01 ETH,1,26.15 ETH,707,0.01 ETH,3291,777,23.61%,22.71 ETH,2021/11/12,,,,
Wild Stag Treehouse,0.01 ETH,1,25.64 ETH,968,0.01 ETH,10012,365,3.65%,50.06 ETH,2021/09/29,,,,
Rich Gator Golf Club,0.65 ETH,18,25.32 ETH,833,0.04 ETH,2222,1051,47.30%,80.05 ETH,2021/11/01,,,,
The Nemesis Companions,3.37 ETH,74,24.95 ETH,555,0.04 ETH,5382,1297,24.10%,238.07 ETH,2021/12/07,,,,
Creative Art Quest,0.06 ETH,3,24.76 ETH,277,0.02 ETH,600,219,36.50%,11.60 ETH,2021/12/08,,,,
Ugly Cuties Art Club (UCAC),0.00 ETH,1,24.40 ETH,417,0.00 ETH,9980,171,1.71%,29.94 ETH,2021/09/06,,,,
Vegiemon,0.00 ETH,7,23.64 ETH,1563,0.00 ETH,9996,1281,12.82%,5.00 ETH,2021/08/15,,,,
Baked Bear Beach Club,0.24 ETH,15,23.07 ETH,450,0.02 ETH,2434,877,36.03%,38.13 ETH,2021/09/02,,,,
PogPunks NFT,0.24 ETH,5,22.22 ETH,428,0.05 ETH,2913,1062,36.46%,138.08 ETH,2021/11/17,,,,
Stranger EggZ,3.45 ETH,3,21.81 ETH,369,1.15 ETH,4172,785,18.82%,"4,792.24 ETH",2021/09/07,,,,
MetaGuardians: Villains,1.05 ETH,35,21.18 ETH,511,0.03 ETH,10000,3050,30.50%,300.12 ETH,2021/11/27,,,,
Delectables by Foodmasku,2.31 ETH,20,18.90 ETH,152,0.12 ETH,2000,1003,50.15%,230.80 ETH,2021/12/07,,,,
Universal Soldiers,0.03 ETH,1,18.75 ETH,245,0.03 ETH,1214,120,9.88%,36.42 ETH,2021/08/31,,,,
Raccoons Club,0 ETH,0,18.13 ETH,312,0 ETH,1262,349,27.65%,0 ETH,2021/09/13,,,,
Thug Pugs,0.70 ETH,13,17.73 ETH,197,0.06 ETH,1250,657,52.56%,72.39 ETH,2021/11/08,,,,
The Vogu MUTTS,0.03 ETH,1,16.34 ETH,176,0.03 ETH,5627,1805,32.08%,168.81 ETH,2021/11/22,,,,
Rare Shoe,5.04 ETH,66,16.27 ETH,226,0.08 ETH,2327,1062,45.64%,177.57 ETH,2021/11/30,,,,
Long Neckie Fellas,0.14 ETH,10,16.11 ETH,277,0.01 ETH,3333,1223,36.69%,45.23 ETH,2021/09/13,,,,
MetaGeckos Genesis,1.32 ETH,18,16.10 ETH,147,0.07 ETH,2528,973,38.49%,185.09 ETH,2021/12/06,,,,
Radioactive Punks,1.10 ETH,23,15.47 ETH,232,0.05 ETH,1099,361,32.85%,52.66 ETH,2021/12/05,,,,
The Graveyard Sale,0.08 ETH,2,14.70 ETH,266,0.04 ETH,1319,595,45.11%,52.10 ETH,2021/11/05,,,,
Crypto Squatches,0.02 ETH,1,14.53 ETH,211,0.02 ETH,2134,545,25.54%,40.55 ETH,2021/09/02,,,,
The Great Brains Club,0.70 ETH,26,14.45 ETH,231,0.03 ETH,2007,730,36.37%,53.95 ETH,2021/10/22,,,,
RugPullFrens,3.79 ETH,86,13.50 ETH,212,0.04 ETH,3126,1039,33.24%,137.81 ETH,2021/12/02,,,,
AnimalWorldWar,0.04 ETH,3,13.15 ETH,289,0.01 ETH,1728,573,33.16%,20.16 ETH,2021/08/06,,,,
The Nanoz,0.17 ETH,7,11.96 ETH,322,0.02 ETH,348,91,26.15%,8.45 ETH,2021/08/17,,,,
Oddball Club (Official),0 ETH,2,11.88 ETH,332,0 ETH,2324,821,35.33%,0 ETH,2021/10/02,,,,
Cyber Zombie Society,1.34 ETH,20,11.80 ETH,122,0.07 ETH,990,363,36.67%,66.08 ETH,2021/11/24,,,,
PineapplesDayOut,0 ETH,0,11.67 ETH,475,0 ETH,5000,1288,25.76%,0 ETH,2021/09/12,,,,
Barn Owlz Dino Palz,0 ETH,0,11.42 ETH,155,0 ETH,2011,828,41.17%,0 ETH,2021/08/31,,,,
Posh Pandas,0 ETH,0,11.17 ETH,343,0 ETH,1467,491,33.47%,0 ETH,2021/08/09,,,,
Mutant Ape Pixel Club,0 ETH,0,11.17 ETH,125,0.50 ETH,105,64,60.95%,52.50 ETH,2021/09/25,,,,
MaestroPups,0.02 ETH,1,11.08 ETH,643,0.02 ETH,3000,717,23.90%,72.00 ETH,2021/07/19,,,,
Wall Street Chads,0.23 ETH,8,11.01 ETH,156,0.03 ETH,1177,549,46.64%,33.25 ETH,2021/10/21,,,,
STARCATS NFT,0 ETH,1,10.91 ETH,167,0 ETH,1512,491,32.47%,0 ETH,2021/10/19,,,,
Skvllpvnkz Daycare,0.71 ETH,12,10.71 ETH,145,0.06 ETH,2316,935,40.37%,136.95 ETH,2021/11/18,,,,
Shaggy Sheep,0.89 ETH,28,10.21 ETH,277,0.03 ETH,2313,624,26.98%,73.36 ETH,2021/10/08,,,,
Evil Teddy Bear Club,0.01 ETH,2,10.11 ETH,249,0.01 ETH,4051,995,24.56%,28.36 ETH,2021/10/28,,,,
Kokeshi World,0.00 ETH,1,10.00 ETH,228,0.00 ETH,1941,652,33.59%,1.94 ETH,2021/09/17,,,,
Altdoges,0 ETH,0,9.65 ETH,80,0 ETH,227,42,18.50%,0 ETH,2021/07/25,,,,
Pudgy Pixel Gang,0.01 ETH,1,9.56 ETH,504,0.01 ETH,8780,296,3.37%,87.80 ETH,2021/10/02,,,,
Sodabits,0.13 ETH,13,8.00 ETH,710,0.01 ETH,1000,289,28.90%,9.98 ETH,2021/10/07,,,,
PxlFangs,0.39 ETH,15,7.97 ETH,219,0.03 ETH,4027,1959,48.65%,104.86 ETH,2021/10/27,,,,
Big Brain Society,0.00 ETH,1,7.92 ETH,219,0.00 ETH,6000,1811,30.18%,6.00 ETH,2021/09/13,,,,
Universe in a Cube. Cubes,0.12 ETH,26,7.54 ETH,257,0.00 ETH,3413,1076,31.53%,15.73 ETH,2021/12/08,,,,
NFTBOY: Bored Ape Racers,0.01 ETH,1,7.07 ETH,186,0.01 ETH,2775,888,32.00%,27.75 ETH,2021/09/15,,,,
3D Martians,0.26 ETH,4,7.05 ETH,72,0.07 ETH,2048,830,40.53%,134.14 ETH,2021/11/26,,,,
DireWolves V2,0 ETH,0,6.87 ETH,87,0 ETH,1142,320,28.02%,0 ETH,2021/09/10,,,,
MetaSharksNFT,2.20 ETH,23,6.64 ETH,47,0.10 ETH,2279,372,16.32%,218.38 ETH,2021/12/02,,,,
THE SHRUNKENHEADZ,0 ETH,0,6.64 ETH,194,0 ETH,10026,87,0.87%,0 ETH,2021/09/21,,,,
ApeOnly Island,0.37 ETH,28,6.57 ETH,155,0.01 ETH,2914,706,24.23%,38.29 ETH,2021/11/30,,,,
Infinity Headset Genesis,0 ETH,0,6.36 ETH,16,0 ETH,491,153,31.16%,0 ETH,2021/10/16,,,,
Astrohedz,0.01 ETH,1,6.22 ETH,247,0.01 ETH,2012,563,27.98%,20.12 ETH,2021/09/29,,,,
Sers,1.38 ETH,10,5.74 ETH,63,0.14 ETH,956,503,52.62%,131.64 ETH,2021/12/07,,,,
We Are Satoshis NFT Collection,3.87 ETH,44,5.59 ETH,64,0.09 ETH,787,324,41.17%,69.24 ETH,2021/12/07,,,,
Soulcops,2.68 ETH,11,5.43 ETH,37,0.24 ETH,2208,393,17.80%,538.09 ETH,2021/12/04,,,,
ScoopDog Squad,0 ETH,0,4.89 ETH,86,0.01 ETH,664,265,39.91%,3.32 ETH,2021/07/29,,,,
Bufficorn Buidl Brigade,0.82 ETH,7,4.56 ETH,37,0.12 ETH,3188,1047,32.84%,372.13 ETH,2021/11/22,,,,
DogePirates,0 ETH,0,4.49 ETH,88,0 ETH,1077,386,35.84%,0 ETH,2021/09/11,,,,
Cryptinies,0.05 ETH,3,4.09 ETH,262,0.02 ETH,1615,583,36.10%,24.22 ETH,2021/07/24,,,,
CryptoPugsNFT,0.74 ETH,19,4.08 ETH,56,0.04 ETH,736,322,43.75%,28.78 ETH,2021/12/06,,,,
Meeples Gang,0 ETH,0,4.02 ETH,58,0 ETH,728,328,45.05%,0 ETH,2021/10/14,,,,
HodlHeads,0 ETH,0,3.76 ETH,71,0.01 ETH,810,212,26.17%,8.02 ETH,2021/07/28,,,,
Canine Country Club,0 ETH,0,3.34 ETH,216,0 ETH,2530,436,17.23%,0 ETH,2021/07/24,,,,
Dapper Space Collective,0 ETH,0,2.85 ETH,78,0 ETH,521,200,38.39%,0 ETH,2021/08/29,,,,
DERPYS,0 ETH,0,2.79 ETH,116,0 ETH,2923,483,16.52%,0 ETH,2021/10/16,,,,
The Robots World 2nd Generation,0.06 ETH,1,2.60 ETH,42,0.06 ETH,261,36,13.79%,15.66 ETH,2021/11/11,,,,
Catctus Collectibles,0 ETH,0,2.45 ETH,68,0 ETH,781,246,31.50%,0 ETH,2021/08/02,,,,
CryptoFinney,0 ETH,0,2.27 ETH,38,0 ETH,724,221,30.52%,0 ETH,2021/10/03,,,,
KNEECAPs,0 ETH,0,2.23 ETH,79,0 ETH,848,196,23.11%,0 ETH,2021/06/25,,,,
LoopyCups,0.27 ETH,10,1.99 ETH,56,0.03 ETH,3020,938,31.06%,80.75 ETH,2021/12/01,,,,
TradeSquads,0 ETH,0,1.73 ETH,44,0 ETH,570,218,38.25%,0 ETH,2021/08/27,,,,
Robotars,0.26 ETH,16,1.43 ETH,54,0.02 ETH,2293,291,12.69%,37.82 ETH,2021/11/30,,,,
Leatherfaces,0.15 ETH,5,1.24 ETH,27,0.03 ETH,874,366,41.88%,25.87 ETH,2021/12/01,,,,
Enlightened Apez Saturn Club,0.08 ETH,3,1.16 ETH,21,0.03 ETH,1599,442,27.64%,42.69 ETH,2021/12/09,,,,
MojiBots,0.01 ETH,1,0.88 ETH,34,0.01 ETH,326,103,31.60%,3.26 ETH,2021/08/06,,,,
